{"nodes":[{"customerID":"q937824Q8Gf1Bc8rs3s53q18Yk2v8F","nickName":"左浩气5276","gender":"男","img":"","agentID":"000"},{"customerID":"7vKH87QIZT4M78661P7Mm11Q8LkgSr","nickName":"古涵亮w5X4","gender":"男","img":"","agentID":"000"},{"customerID":"0p896y4246D9y4j6FV0N2WaPQIXHJI","nickName":"冷子辰365G","gender":"男","img":"","agentID":"000"},{"customerID":"bUDYk829rEds5VCI437tz91V33z38J","nickName":"支炫明40o2","gender":"女","img":"","agentID":"000"},{"customerID":"G657r740U63bNgZC6892JE8V86GR2u","nickName":"席强6BSn","gender":"女","img":"","agentID":"000"},{"customerID":"dF174Z30596A37s3W31FB85E8q3Fr7","nickName":"云昆琦G0DS","gender":"女","img":"","agentID":"000"},{"customerID":"57k663pZ7682m751R6740oJD4fTe46","nickName":"莘鸿朗a846","gender":"男","img":"","agentID":"000"},{"customerID":"KsCELGUi28hE7QJtB474x84bpI3148","nickName":"毛允晨5lJ6","gender":"男","img":"","agentID":"000"},{"customerID":"R7n42Zu7062lX2v8UJN60qQs6q7m1x","nickName":"酆昆鹏0Yfc","gender":"女","img":"","agentID":"000"},{"customerID":"871MV9lLxdu9124e46If8o12V0u092","nickName":"林德明n9eP","gender":"男","img":"","agentID":"000"},{"customerID":"0wW302e76113grT05246gWW39J73Q2","nickName":"司徒振华73wG","gender":"女","img":"","agentID":"000"},{"customerID":"2P4h7f77qBgYWB0PPe2Wpbx62Jp471","nickName":"毛轩昂1f95","gender":"男","img":"","agentID":"000"},{"customerID":"7KD4n6h9PRZ1rj5T8hk1nG0U2D397G","nickName":"申曜坤6608","gender":"男","img":"","agentID":"000"},{"customerID":"95062wx55P1xvxP9H203I6J46v1H6S","nickName":"宋曜瑞fG99","gender":"男","img":"","agentID":"000"},{"customerID":"x6A2beh1a1830rK4O92448CsA68EU4","nickName":"周敬曦29w3","gender":"男","img":"","agentID":"000"},{"customerID":"w3eyB292e22Z4620Gpl7X64nm804U0","nickName":"公昆纬49nl","gender":"男","img":"","agentID":"000"},{"customerID":"5sUR0rWMhudUlu43bw51iDN6199d46","nickName":"司徒轩昂60l0","gender":"女","img":"","agentID":"000"},{"customerID":"X4rB4f1z7mH2K1D4Z8863u24gS4J9A","nickName":"蓝瀚钰8nCb","gender":"女","img":"","agentID":"000"},{"customerID":"9t83Z0VJ44C48803i5Skt2951z0i25","nickName":"罗昌淼2Y5B","gender":"男","img":"","agentID":"000"},{"customerID":"52VG51P536Q1Se7eu39jqgx9FcWl7n","nickName":"单晗日5T90","gender":"女","img":"","agentID":"000"},{"customerID":"8Ux7W69io0275eXZo4KPT81759r189","nickName":"陶俊晖R559","gender":"男","img":"","agentID":"000"},{"customerID":"t209XU62u13Kw1BW0f4n5I7m8EL74D","nickName":"闾丘景天r1y2","gender":"男","img":"","agentID":"000"},{"customerID":"02j8T8sw27J75214OvGtKj5XB77llD","nickName":"艾金鹏W7Ss","gender":"女","img":"","agentID":"000"},{"customerID":"7WP85CFR08v1Y26kM1W1276lsozmGA","nickName":"晁旭尧6426","gender":"男","img":"","agentID":"000"},{"customerID":"V1M8yITsS7594D61zv2bnVYA1qX797","nickName":"白浩思886j","gender":"男","img":"","agentID":"000"},{"customerID":"zo6L29415Zg8d460v7j64q112cWBn4","nickName":"戴智晖yrH1","gender":"男","img":"","agentID":"000"},{"customerID":"4ag5ZNK5E0sWOlC7sn6EIc86nj7ixT","nickName":"沃晋鹏3I61","gender":"男","img":"","agentID":"000"},{"customerID":"9q1dcC92He7HHKBh27AN673S10hNp8","nickName":"庞昌黎p6EP","gender":"男","img":"","agentID":"000"},{"customerID":"05nU0HYs845E75kXTS90z6822753u6","nickName":"巩运恒V09Q","gender":"女","img":"","agentID":"000"},{"customerID":"Agv7B1r9582PNQnc87e7jabH0Y5H65","nickName":"酆昊英chXM","gender":"男","img":"","agentID":"000"},{"customerID":"29m47Z37Wi09ORSo36hXI090KRWc71","nickName":"隗鸿骞9233","gender":"女","img":"","agentID":"000"},{"customerID":"ug0R4IZa37I3WK3kz0T797X00Cqff7","nickName":"庾鸿德8bI4","gender":"男","img":"","agentID":"000"},{"customerID":"2gF4222O59E3gq9l3qZ9047Yip7019","nickName":"喻振锐B0do","gender":"女","img":"","agentID":"000"},{"customerID":"19xpabG36il311EMN2P3MUX5F6tfYG","nickName":"太叔昂然WDsc","gender":"男","img":"","agentID":"000"},{"customerID":"cJi099S0B60In9nmLi9s0c19RtnZIn","nickName":"狄鹏海y4F9","gender":"男","img":"","agentID":"000"},{"customerID":"33X580DjJ71n2Mn00118Kb10bG0P67","nickName":"寇鸿宝3O0U","gender":"女","img":"","agentID":"000"},{"customerID":"R250Gs9T04T35v9f28w893BNCaE1yf","nickName":"裘光济0Z87","gender":"男","img":"","agentID":"000"},{"customerID":"TwD69SH35k11jg6OGif1Lx45o8j8pk","nickName":"任昆杰20XB","gender":"男","img":"","agentID":"000"},{"customerID":"Fx9972B0Sc3AD0t0b93A2m722Ad34E","nickName":"沙鑫鹏i12v","gender":"男","img":"","agentID":"000"},{"customerID":"2bqE115A42uuHK6qC26Pz9KC0A86V0","nickName":"吴宣朗35WS","gender":"女","img":"","agentID":"000"},{"customerID":"1Uh4r6h10228q243h1Z0X63R1628IJ","nickName":"邰景浩8OmF","gender":"男","img":"","agentID":"000"},{"customerID":"8WN1D3743fQTT50S167t4G8Q7U8N2Y","nickName":"段鸿远5qKb","gender":"女","img":"","agentID":"000"},{"customerID":"76lt2tQsqe7Usd1G870iX91K446276","nickName":"令狐高朗269a","gender":"女","img":"","agentID":"000"},{"customerID":"Y884m05wGj41H3J98hnT462S3Xn0YM","nickName":"谷运升7x9s","gender":"男","img":"","agentID":"000"},{"customerID":"795U88H30ZLB8P0T858H686x1bB4wD","nickName":"蒙曜曦k1HE","gender":"男","img":"","agentID":"000"},{"customerID":"P0A8L40jE3sv5hw07391oL45H731u8","nickName":"阴昊伟6J32","gender":"女","img":"","agentID":"000"},{"customerID":"V80rIU4i235eQIKBa948L53yP11dz7","nickName":"林鹏涛94y7","gender":"男","img":"","agentID":"000"},{"customerID":"265295024Wo6ns12y3f37G2K33070z","nickName":"秦旭尧20F1","gender":"女","img":"","agentID":"000"},{"customerID":"0u0raRDrq076yi5uMx7b53wG251gSn","nickName":"骆鸿信1a7u","gender":"女","img":"","agentID":"000"},{"customerID":"IxfO96x1M1P1sbv81g6K0Z0B3b6h7u","nickName":"夹谷高旻3m1o","gender":"男","img":"","agentID":"000"},{"customerID":"hT0qVn3g433a58BT0R7isyqmM9f798","nickName":"别鸿骞1667","gender":"女","img":"","agentID":"000"},{"customerID":"345a9PI36s8hr8s5t2gC296yavEo0S","nickName":"宓景中rN01","gender":"男","img":"","agentID":"000"},{"customerID":"QO3XR1h639KAVw172POgZFXC03c03u","nickName":"鞠昊嘉R5sC","gender":"男","img":"","agentID":"000"},{"customerID":"7xO59WgN78E7H6F8C5N41fN14vx8yx","nickName":"郁昂雄Ei8v","gender":"男","img":"","agentID":"000"},{"customerID":"8T9sp4DcKB1pIMNoYfz1M4w5924437","nickName":"娄晨朗LtKf","gender":"女","img":"","agentID":"000"},{"customerID":"1732740cO62otwuUt4603q802623nl","nickName":"巫马昆锐O5c1","gender":"男","img":"","agentID":"000"},{"customerID":"TJ4jHB6278cA887gI4114jE72hul18","nickName":"越振平8L6U","gender":"男","img":"","agentID":"000"},{"customerID":"27OT95322krK88hfY303kKl74A2lEx","nickName":"慎丽YSKP","gender":"男","img":"","agentID":"000"},{"customerID":"56sRm5Zvps34730HmM3D2e00X03s98","nickName":"惠德明77j9","gender":"女","img":"","agentID":"000"},{"customerID":"28Zr770Syn0L36397B3v90r438321A","nickName":"常峰5732","gender":"女","img":"","agentID":"000"},{"customerID":"OY7k6Az7lXg686203k3946VjkQ3e61","nickName":"靳振平1Ggc","gender":"女","img":"","agentID":"000"},{"customerID":"n6yD1jX7B6H5750eactOd3719uvhV3","nickName":"都昆鹏0mc1","gender":"女","img":"","agentID":"000"},{"customerID":"5AV5Xb612K3879gel1f6212kGK5pG2","nickName":"姬鸿哲7565","gender":"女","img":"","agentID":"000"},{"customerID":"1L3H6M7w7580gWckJ0lpEg12TvIV6p","nickName":"山景平J589","gender":"女","img":"","agentID":"000"},{"customerID":"796n0rc4E5VHWZ8y65754x63Y38B42","nickName":"郝智宇Yex5","gender":"女","img":"","agentID":"000"},{"customerID":"T9FWZ45G687qnIUpW54bqyPY80Jj02","nickName":"吴永昌83nh","gender":"男","img":"","agentID":"000"},{"customerID":"0n3r8722395HW18H5e31622884W25y","nickName":"杜辰钊V03L","gender":"女","img":"","agentID":"000"},{"customerID":"3e59iA45A55hha5n0j799q1I4B05dj","nickName":"崔文景38Nn","gender":"女","img":"","agentID":"000"},{"customerID":"4km4tAhn0FS1564yd820Sl3pIk3oZy","nickName":"解鸿飞Sr6R","gender":"女","img":"","agentID":"000"},{"customerID":"0Y48I40C480KzH823GVXA30f7zWF81","nickName":"严景彰495t","gender":"男","img":"","agentID":"000"},{"customerID":"786628OvIE32ib66F38tT85216vum9","nickName":"董运升7BtF","gender":"女","img":"","agentID":"000"},{"customerID":"99t782htW188Bx7q02000i8CPO90P5","nickName":"公孙瀚彭39ra","gender":"女","img":"","agentID":"000"},{"customerID":"RE5q3p9vJE5sYFLl71HL0a9d5XD351","nickName":"时飞昂iCwo","gender":"女","img":"","agentID":"000"},{"customerID":"iHy1mgv05pPTW1e53vE974s2M3Hl45","nickName":"桓海荣5739","gender":"女","img":"","agentID":"000"},{"customerID":"41NQ041R0J3H3qhT15Z7820q5j6da4","nickName":"后运华Q091","gender":"女","img":"","agentID":"000"},{"customerID":"ab04SVx9Bcztr1IJhF6FAB1W3o2IDh","nickName":"敖振锐3o7z","gender":"男","img":"","agentID":"000"},{"customerID":"Q2553KgRA7s6jh83v6UyEagF4n20uc","nickName":"宰曦之V269","gender":"女","img":"","agentID":"000"},{"customerID":"7zcJke74nU51792h8n6930A9c12l3x","nickName":"尹浩广1joX","gender":"男","img":"","agentID":"000"},{"customerID":"0D67b9GE0r36Jkb09V41Ub0qt50F33","nickName":"韩华晖qg71","gender":"女","img":"","agentID":"000"},{"customerID":"48nd6929KWQ95412A29734u5U0yAP0","nickName":"陶运诚4937","gender":"男","img":"","agentID":"000"},{"customerID":"0660450LTG2YhD2z36E2h76G27ACQ7","nickName":"丁耘涛K30V","gender":"男","img":"","agentID":"000"},{"customerID":"Vdx72v51xli402h1aFT4Xb746k3D35","nickName":"齐昊嘉22n6","gender":"男","img":"","agentID":"000"},{"customerID":"5z99p86frz92B0I394U5S8H37988S5","nickName":"孟鸿熙05v1","gender":"男","img":"","agentID":"000"},{"customerID":"fLp8q2wOodP8rqzO3g4rZR40Q10XR5","nickName":"逑曜坤8qBY","gender":"男","img":"","agentID":"000"},{"customerID":"08rjS5549111R9IcK2K2PoF3O6LD33","nickName":"许霞9M5F","gender":"女","img":"","agentID":"000"},{"customerID":"HF9x3g794A82E105l49E4l1EoO20X0","nickName":"酆华晖H3x5","gender":"男","img":"","agentID":"000"},{"customerID":"9M628Gbe4A87AN6WN69J0v7z9AFK1b","nickName":"窦铭晨648P","gender":"男","img":"","agentID":"000"},{"customerID":"5334772DHzt5Q57yL71Qwz392Y6K1A","nickName":"戎瀚玥B0d7","gender":"女","img":"","agentID":"000"},{"customerID":"0U1R8AknX3224FCY76D1PG5583b9f9","nickName":"艾浦泽60X1","gender":"男","img":"","agentID":"000"},{"customerID":"4es1N4T0vu202ft9E7VE4XVj5Y3BJ9","nickName":"怀辰铭82Tz","gender":"女","img":"","agentID":"000"},{"customerID":"764tF7R259q86Y9S71213gFb8Omhpe","nickName":"柳德明9p38","gender":"男","img":"","agentID":"000"},{"customerID":"6p79381X7742316eg9H2POE40e3J17","nickName":"邓晗昱xguo","gender":"男","img":"","agentID":"000"},{"customerID":"9G7t0LiOSY53yLd26O8276Gysc8qy6","nickName":"郏磊Mr69","gender":"女","img":"","agentID":"000"},{"customerID":"z6oZ4G9C609oeN1l32500PgVa7oVg5","nickName":"能高朗hjF5","gender":"男","img":"","agentID":"000"},{"customerID":"1k40am2TV8V0A4V95B6bR5g297nWP1","nickName":"鱼风GD70","gender":"男","img":"","agentID":"000"},{"customerID":"dR7V7G7cgF54skL8B20eht9P91lfnH","nickName":"茹鸿哲1GK6","gender":"男","img":"","agentID":"000"},{"customerID":"j6zi9U115Ur17JYfQ1Dt06PG1TXZ07","nickName":"于振荣41Bp","gender":"女","img":"","agentID":"000"},{"customerID":"23X713c8C7512175dgAhEbKL0chKai","nickName":"熊昆杰yMQc","gender":"女","img":"","agentID":"000"},{"customerID":"kgHC91aKA796137B6902WG0X6v4Pt6","nickName":"詹允晨25u1","gender":"女","img":"","agentID":"000"},{"customerID":"Xu7l735j60871O90e216Q5b87dTw9H","nickName":"淳于旭鹏653I","gender":"男","img":"","agentID":"000"},{"customerID":"107a6ayx2nU83419NW60R1wl9Fu0G1","nickName":"利智晖UkQ5","gender":"女","img":"","agentID":"000"},{"customerID":"6c3cc4w968P4C374161AuWlP9j0T5q","nickName":"祁昆杰f788","gender":"女","img":"","agentID":"000"},{"customerID":"7MqEaM0108j0o2p7qYLX96jg3UL8Dp","nickName":"桂振强d7bM","gender":"女","img":"","agentID":"000"},{"customerID":"eEx8Mj2X639e9UNa9LOf120374xhvp","nickName":"葛昆颉N381","gender":"男","img":"","agentID":"000"},{"customerID":"bP3c9GPQ664D78VC30H342fK284XmO","nickName":"艾曜瑞79NA","gender":"女","img":"","agentID":"000"},{"customerID":"40GAV3329Rm4132B8oS7p290Rl9gok","nickName":"臧曜瑞M11v","gender":"男","img":"","agentID":"000"},{"customerID":"9FC0jT695MsS53kX8E9E230p0Zcy94","nickName":"晁昂雄WG9Z","gender":"男","img":"","agentID":"000"},{"customerID":"ISi1qWwC6083X30gx017s34219biwv","nickName":"谈昆锐14de","gender":"男","img":"","agentID":"000"},{"customerID":"f14146lyZ9M2kj3h50B769S747iwR8","nickName":"诸景逸I3k6","gender":"男","img":"","agentID":"000"},{"customerID":"01C7wD587b56j9WY9xk5k4W5ASfP8j","nickName":"薄运凯s2I4","gender":"男","img":"","agentID":"000"},{"customerID":"7we0E2v3r0115bYK8O120Nx0430F7y","nickName":"皇甫德运JC8V","gender":"女","img":"","agentID":"000"},{"customerID":"3E9jE321250q84o08bvZW18944g39f","nickName":"麻刚Ttkt","gender":"男","img":"","agentID":"000"},{"customerID":"5OJy9aZ20qqPCe0m5O30niWYslqI58","nickName":"谷梁浩宕Ns32","gender":"女","img":"","agentID":"000"},{"customerID":"87m9833a8N0BN1V2IaSF074401b2RX","nickName":"子车金鹏GTw6","gender":"女","img":"","agentID":"000"},{"customerID":"Z4YIR1hBaaOv0q7mK0N861930BYn57","nickName":"单于运珹hS2h","gender":"男","img":"","agentID":"000"},{"customerID":"41z656f317SK96W8Z4YN1N98506oIu","nickName":"楮音938r","gender":"女","img":"","agentID":"000"},{"customerID":"s1977zvKG0ocOB4C2600uC8DzY2b36","nickName":"盖光济16I1","gender":"女","img":"","agentID":"000"},{"customerID":"hrF44218E3Yv9798HSg11mwre88A83","nickName":"咸昆纬91CV","gender":"女","img":"","agentID":"000"},{"customerID":"039Y6x0i0R0Qq6ZbD49899U5mj3iCE","nickName":"韩昌黎b032","gender":"男","img":"","agentID":"000"},{"customerID":"8Xh6brms4P3LZ6L0yxVQfP677696Y7","nickName":"乌鸿煊v1XU","gender":"女","img":"","agentID":"000"},{"customerID":"297q0M3451j8jR21n98xe88N73i6zI","nickName":"阚亲lq59","gender":"男","img":"","agentID":"000"},{"customerID":"40hP6V3872i8zmjxe1I5jSf6w1KNb4","nickName":"童涛25T1","gender":"女","img":"","agentID":"000"},{"customerID":"vT9M6Vokm4v17jrj2ZXhM9632fR4d0","nickName":"平伟5xU2","gender":"女","img":"","agentID":"000"},{"customerID":"3106305N9wcT9c6bB2L4MssMgD30i1","nickName":"封鸿波pl68","gender":"女","img":"","agentID":"000"},{"customerID":"96o9Q8HYw1741HHMl9mmV10uo834W2","nickName":"邢振平w66r","gender":"女","img":"","agentID":"000"},{"customerID":"AVHwSl23568aq731yHJG2bXL6027E4","nickName":"卜智阳3617","gender":"男","img":"","agentID":"000"},{"customerID":"iMlEN5H32tz8OUx92As19QI72e4K4j","nickName":"蔺瀚钰r086","gender":"女","img":"","agentID":"000"},{"customerID":"Al3bQ6C01Ym77mfS280jcx2j5u4ZMs","nickName":"祖浩气0218","gender":"女","img":"","agentID":"000"},{"customerID":"BwTw7zaOOsUx066k5D2v9Kw4456JD9","nickName":"孙曜坤8an0","gender":"女","img":"","agentID":"000"},{"customerID":"4M1ulT82a201DW01oN35t37595jKWo","nickName":"璩星爵am90","gender":"女","img":"","agentID":"000"},{"customerID":"0c15833Q99018Qk2jB1oP4Kb71n64G","nickName":"郤昊硕633J","gender":"女","img":"","agentID":"000"},{"customerID":"bg093d0y2EhM18i7dZrp67c963LA6T","nickName":"秋昊磊K0L6","gender":"男","img":"","agentID":"000"},{"customerID":"Ka58259B7SfqiC4D2K172LO98QVb83","nickName":"俞光济h6l4","gender":"女","img":"","agentID":"000"},{"customerID":"q5c87U282OyDi81H0uY7RySCY284F1","nickName":"桂浩涆59K3","gender":"女","img":"","agentID":"000"},{"customerID":"ik9412Og0wE439k20f5FYA85RU377q","nickName":"乜鸿骞9F8U","gender":"男","img":"","agentID":"000"},{"customerID":"7qmvGh0W286241xx255C27NC61678H","nickName":"伏燕k9Ol","gender":"男","img":"","agentID":"000"},{"customerID":"Tt53oD0C6Dr172XwPP5GO6UR5DrOI4","nickName":"锺星然Q6Z5","gender":"男","img":"","agentID":"000"},{"customerID":"1tN3VZeO3uh3954282i1l0697682VU","nickName":"窦昌勋KUT6","gender":"女","img":"","agentID":"000"},{"customerID":"137f5hK98Mdg521oC3W5K17aoT9IFN","nickName":"郦瀚文x175","gender":"男","img":"","agentID":"000"},{"customerID":"GQ209aljhm781U89F91N7hd5Cz251I","nickName":"滑昆鹏9961","gender":"男","img":"","agentID":"000"},{"customerID":"8jQH1pGHaC0Cl7I646948rcS4A3j0e","nickName":"山晗日Vx0A","gender":"女","img":"","agentID":"000"},{"customerID":"52Q9nqt1513h2fwQGi38N9dWpL2cQt","nickName":"干鹏煊4w92","gender":"男","img":"","agentID":"000"},{"customerID":"d2yB64lqqM0186r13EM9462F958ii9","nickName":"雷瑞渊Q82M","gender":"男","img":"","agentID":"000"},{"customerID":"G79gS7wVvX8o6Q8278955r74P39299","nickName":"车昆皓5A8t","gender":"女","img":"","agentID":"000"},{"customerID":"m4T11799P3m13376S34zTx11J0Y7jp","nickName":"公西运锋7u66","gender":"男","img":"","agentID":"000"},{"customerID":"6z4ol73gcb5E6J890juR66X71K9V1L","nickName":"韶昆锐71Vx","gender":"女","img":"","agentID":"000"},{"customerID":"aeGCQ07a34x8089p9740Bm46A93705","nickName":"彭辰龙K501","gender":"女","img":"","agentID":"000"},{"customerID":"2738SXIF84Pm7h824XPsJ8p9zY76bO","nickName":"盖景浩szh8","gender":"女","img":"","agentID":"000"},{"customerID":"laeKTlqK0oFSGIWP7OY0atn8978w0i","nickName":"姬瑞渊rBrN","gender":"女","img":"","agentID":"000"},{"customerID":"0egDNC0dhvC12KajtbvfF2575qbhdI","nickName":"艾君Rts3","gender":"女","img":"","agentID":"000"},{"customerID":"025X7254C3114hyQuf9wb0Rqqv0Kkt","nickName":"游鸿博2m00","gender":"男","img":"","agentID":"000"},{"customerID":"s3ex9f182317TaD16h4SXRjzAwr0nE","nickName":"唐昂熙7QC3","gender":"女","img":"","agentID":"000"},{"customerID":"9FBw0NZ0BiLnqU93LnR34nekg02SS2","nickName":"姬华晖18YN","gender":"女","img":"","agentID":"000"},{"customerID":"Gl12o0gBK8H9C6y9LHeO2V134YPvN4","nickName":"戎浩言3wf1","gender":"女","img":"","agentID":"000"},{"customerID":"8J979V292e19m2h8040JPEC5bj561z","nickName":"穆曦哲5gx5","gender":"女","img":"","agentID":"000"},{"customerID":"W7lVX3H4n91k0304AA0533i8cA30XT","nickName":"古鸿轩HxKl","gender":"男","img":"","agentID":"000"},{"customerID":"57I45l995Nq03mo247Ug94144q0n5P","nickName":"巫马强8J2Z","gender":"男","img":"","agentID":"000"},{"customerID":"o3h36MO07r36r47yvcIgr864w91JCO","nickName":"丘晗昱d1cG","gender":"女","img":"","agentID":"000"},{"customerID":"7hTZXn39q35V6d05bC862C7oyFe4K9","nickName":"通智晖53i4","gender":"男","img":"","agentID":"000"},{"customerID":"0Yb2x2uSnu9DJ4Iw46ReZwpz38PqS3","nickName":"陶秀ZCKM","gender":"女","img":"","agentID":"000"},{"customerID":"5QPSl0y0U41HjR9qM6552f839JhZ0A","nickName":"储景彰201r","gender":"女","img":"","agentID":"000"},{"customerID":"17q45892rv6C25b2hJsD892V7u041I","nickName":"黎耘涛1g93","gender":"女","img":"","agentID":"000"},{"customerID":"Er3f24T5s12BesLViY582A7469388M","nickName":"宗政浩皛y71I","gender":"女","img":"","agentID":"000"},{"customerID":"T7nO5t0s12W94367CSz6HaSJ088565","nickName":"郤宣朗h10q","gender":"男","img":"","agentID":"000"},{"customerID":"4Ff72l96J043TH0S3H768V0y7c8Ii6","nickName":"弘震博554B","gender":"男","img":"","agentID":"000"},{"customerID":"4L2y38vb09D3K8TGoK20807E5485Za","nickName":"宗昊磊485V","gender":"男","img":"","agentID":"000"},{"customerID":"2e6tALYA96v97jW3c6KD0Hv77U8N9z","nickName":"柏子昂pT33","gender":"男","img":"","agentID":"000"},{"customerID":"3pAbD75b6KphqgO8PG16Y754kW0ZE8","nickName":"慕运盛Gvs9","gender":"女","img":"","agentID":"000"},{"customerID":"OFZ8cYPC09e8Jg1C1e0574uhd340XS","nickName":"霍敬曦23Et","gender":"男","img":"","agentID":"000"},{"customerID":"Y9a9zH5EJ54eCgnDQu4r57r346G6Bu","nickName":"石炫明894o","gender":"女","img":"","agentID":"000"},{"customerID":"5q8k28S010250q222ZyDfDq6U72saQ","nickName":"郝文昂9915","gender":"男","img":"","agentID":"000"},{"customerID":"62169y557Zbs8xv40809my7anhk2Pw","nickName":"符昌淼0p3f","gender":"男","img":"","agentID":"000"},{"customerID":"77W7l2F23d26An26261S9wfJ32K937","nickName":"蓟彦昌VV38","gender":"男","img":"","agentID":"000"},{"customerID":"92DXef19Zs7gJOJ62p52u5ZP9X1587","nickName":"寇旭尧6068","gender":"男","img":"","agentID":"000"},{"customerID":"4075N8vX36w5R963813KxhmD1634zD","nickName":"马晨朗7Z5s","gender":"男","img":"","agentID":"000"},{"customerID":"4J8a1hZO50F6N746i32C6j3RR41OHZ","nickName":"锺离吉星rWt8","gender":"男","img":"","agentID":"000"},{"customerID":"3r692469t37460QO99674K9fLDE264","nickName":"盖昂然8r50","gender":"女","img":"","agentID":"000"},{"customerID":"m014EQf20264l3vvzRn673n2k0N46y","nickName":"敖飞昂17D2","gender":"男","img":"","agentID":"000"},{"customerID":"20c70V1969x3HWR3t60CO0P218962x","nickName":"黄昊磊5I3y","gender":"男","img":"","agentID":"000"},{"customerID":"2F47J2iTQBN41Koxt3L6w464TEk8U2","nickName":"牧运杰nbks","gender":"男","img":"","agentID":"000"},{"customerID":"2cM317n0654NK5G42YS7s085L6HPMc","nickName":"卫晗昱6kE8","gender":"女","img":"","agentID":"000"},{"customerID":"KAV1G3LZDG4C2J0g9yeu9rVCs18vLI","nickName":"侯君D165","gender":"女","img":"","agentID":"000"},{"customerID":"OS0NRjz2S95562zWEyk0509RKxEKle","nickName":"岳昆鹏r65M","gender":"男","img":"","agentID":"000"},{"customerID":"7DO337JE3DsNU1qk688t42SHh0098q","nickName":"寿金鹏BZ0C","gender":"男","img":"","agentID":"000"},{"customerID":"YsCBrj3M3y62M925N938r84208Aa5z","nickName":"怀光济9d16","gender":"男","img":"","agentID":"000"},{"customerID":"Nr619cNS3a125E61440CY97J8V65Bb","nickName":"孔铭晨A35z","gender":"男","img":"","agentID":"000"},{"customerID":"SN8yD5VN5416nl74mXq30D0YQf651W","nickName":"韦鸿畴2663","gender":"女","img":"","agentID":"000"},{"customerID":"W3261Tt50nNtV995dO42Oz749rK8hg","nickName":"廖昊嘉v61w","gender":"女","img":"","agentID":"000"},{"customerID":"xCscK076UI0j9141MoT6061L55Ze49","nickName":"终辰良iH73","gender":"女","img":"","agentID":"000"},{"customerID":"3F1P8qY9A0te799k8fmM6216749B47","nickName":"桂曜坤6Ht3","gender":"女","img":"","agentID":"000"},{"customerID":"1C51Bp13GS883558Y85kfu6KRzAo0v","nickName":"皇甫浩邈t4NO","gender":"男","img":"","agentID":"000"},{"customerID":"802TuHnY8m38V37565Mc95W5682312","nickName":"袁鹏涛824f","gender":"女","img":"","agentID":"000"},{"customerID":"9q924hgQWELO704c2s4Hyumre5SN5n","nickName":"萧浩皛G9x3","gender":"男","img":"","agentID":"000"},{"customerID":"GGH0TRcjP097894PE6UPES39M2e22s","nickName":"郁昊嘉6tl6","gender":"男","img":"","agentID":"000"},{"customerID":"z64168CEoFkXrSZ59mG5J4iBTu851a","nickName":"山景行Q902","gender":"男","img":"","agentID":"000"},{"customerID":"18n91T594cL0A8a14523YWotTK5ZTs","nickName":"弓德曜yYWC","gender":"女","img":"","agentID":"000"},{"customerID":"XM9wn448002sL010NSVSy70Hyz9839","nickName":"能昊天1669","gender":"男","img":"","agentID":"000"},{"customerID":"a708828qOo2051T92t2K0jv23wOs75","nickName":"任新曦540C","gender":"女","img":"","agentID":"000"},{"customerID":"69Jsn9P16Pu6M40G78e2rr304kI26y","nickName":"牧昌黎B64Z","gender":"男","img":"","agentID":"000"},{"customerID":"T8S780x2DBeKx6Z54I0Lf107S0Df77","nickName":"吉振国0R3W","gender":"女","img":"","agentID":"000"},{"customerID":"CFv5Y053ss7zkSzuh169nRP383l6O7","nickName":"勾范明z3X8","gender":"男","img":"","agentID":"000"},{"customerID":"h1bVEp60sCt62vkwM1MV9578T1y171","nickName":"后智阳rS94","gender":"女","img":"","agentID":"000"},{"customerID":"f6CRc2gi4pL9IYC4k7s42E4312Mj98","nickName":"段昆明3Mlg","gender":"女","img":"","agentID":"000"},{"customerID":"Y2LFn83jpi75J6F7u15F44Q72439C4","nickName":"宣敏azsc","gender":"女","img":"","agentID":"000"},{"customerID":"T81EBiaa8C52y8UG89Me8e6Q78sdF8","nickName":"宰范明s204","gender":"男","img":"","agentID":"000"},{"customerID":"0604i258P11902x18g8Z5s4057uoTW","nickName":"居运凡55Ie","gender":"男","img":"","agentID":"000"},{"customerID":"43ea8DFI2Ca1mhJY963Fe74PCW5f37","nickName":"麹鸿轩NO02","gender":"女","img":"","agentID":"000"},{"customerID":"w1966wwUFXDuNi30XFf4f9yu315J5U","nickName":"伍海阳zI3X","gender":"男","img":"","agentID":"000"},{"customerID":"109102r2L00zufT347UoBJ4Z154996","nickName":"阴允晨zy26","gender":"男","img":"","agentID":"000"},{"customerID":"79LG95j0L40562L61o4scl763Bs1p9","nickName":"谷梁运恒2Jl6","gender":"男","img":"","agentID":"000"},{"customerID":"75944kFcx1Z71wbFZBX267vkj8t4Hj","nickName":"全昊然B913","gender":"女","img":"","agentID":"000"},{"customerID":"2B921R4F41661WHq16GNt181f7F6el","nickName":"邵晋鹏WA11","gender":"女","img":"","agentID":"000"},{"customerID":"4WHA402CY0990c1094Q08qs0WXe800","nickName":"彭文景82F6","gender":"男","img":"","agentID":"000"},{"customerID":"Z516aeTCC6No29239729w3q1JVj4yS","nickName":"水海逸YB2u","gender":"男","img":"","agentID":"000"},{"customerID":"1Iozw6hmr8xK6611Etq17e07972xEW","nickName":"廖鑫鹏y0t0","gender":"女","img":"","agentID":"000"},{"customerID":"17mu8fJ9e811Wu42894molx9bAJ5KP","nickName":"司浩涆80aw","gender":"女","img":"","agentID":"000"},{"customerID":"3mdax4r0xA76083902qj3ZM0QQ71qx","nickName":"纪伟bYRI","gender":"女","img":"","agentID":"000"},{"customerID":"3IzD0V5i75E87OLct45Q3IB01Yi74N","nickName":"魏辉ny8F","gender":"女","img":"","agentID":"000"},{"customerID":"Zx5gm1826Px0S2205HL1WrS8B1cL11","nickName":"岳允晨AOo3","gender":"女","img":"","agentID":"000"},{"customerID":"d7VH19mpB01J429FP1B1YO0991129a","nickName":"翁康震5b75","gender":"男","img":"","agentID":"000"},{"customerID":"i4n0ce63a0m4F0Q7ux99M07844aj7m","nickName":"戴曜瑞gp90","gender":"男","img":"","agentID":"000"},{"customerID":"N7D819C5rrU7w49xq0oEp9Y74g76pS","nickName":"麹运盛Xct0","gender":"男","img":"","agentID":"000"},{"customerID":"gAi203a604J43rC9N7271bCqb8AG8l","nickName":"竺芳Mtlg","gender":"女","img":"","agentID":"000"},{"customerID":"Z3l57637792av02P0Y3x0cy65Yl7Mo","nickName":"欧阳辰宇Umi8","gender":"男","img":"","agentID":"000"},{"customerID":"oP25Y5724pGdob4P32tSCnw85mcCR9","nickName":"祖子昂7RB1","gender":"男","img":"","agentID":"000"},{"customerID":"w5168x454i4y1sR67IFv88b71aO6M7","nickName":"诸旭彬wX95","gender":"男","img":"","agentID":"000"},{"customerID":"9Y35z4x3bJ187X8G7B8R5T8ng97rba","nickName":"蔺鸿轩7hkp","gender":"女","img":"","agentID":"000"},{"customerID":"f384R26ImbUhO2lGd9RxPzF81I81R6","nickName":"岳昊硕34z7","gender":"男","img":"","agentID":"000"},{"customerID":"w90704BO0259W7o2U20L7hS3xU178V","nickName":"丘浩歌Q86y","gender":"男","img":"","agentID":"000"},{"customerID":"9E5612Lzq4KlAij867rhw70994Nv91","nickName":"华婷Iy70","gender":"女","img":"","agentID":"000"},{"customerID":"9VVkTB57s7zxRctP506E66d28V5R9d","nickName":"江高旻24M9","gender":"女","img":"","agentID":"000"},{"customerID":"q0Ik85981AqXh81mRWW7muh5B992W8","nickName":"楚曜坤699e","gender":"男","img":"","agentID":"000"},{"customerID":"I6cqo0yuY3t5R997632k9xRjV3355O","nickName":"诸彦昌1445","gender":"女","img":"","agentID":"000"},{"customerID":"23pSG03S7L6YTV9z5j7113rzlsWaGb","nickName":"巩震轩5843","gender":"女","img":"","agentID":"000"},{"customerID":"7UXu9Y3mr7My84L058g4414i5fu047","nickName":"通曜曦1tz3","gender":"女","img":"","agentID":"000"},{"customerID":"orqGg7Ls5c1fK287och4m39p3l302N","nickName":"夹谷昂雄2LQ3","gender":"男","img":"","agentID":"000"},{"customerID":"7V061Z37590ny9800B9WO3l88lw283","nickName":"岑景行2H0P","gender":"女","img":"","agentID":"000"},{"customerID":"ba5o27422HnH45Fbf9r49YW9ui657a","nickName":"岳浦泽J3Xi","gender":"女","img":"","agentID":"000"},{"customerID":"1yyEK8u210ut1x18Le331gI7980H1N","nickName":"端木运发xsdL","gender":"女","img":"","agentID":"000"},{"customerID":"Vi62tWm926O6714JV0X7814cBHZWX0","nickName":"顾秀M519","gender":"女","img":"","agentID":"000"},{"customerID":"T67430503faZ0X459v8gO8ky318mnl","nickName":"程维运bi9k","gender":"女","img":"","agentID":"000"},{"customerID":"89856ik9CRvZ5Sq58VqGsp0s60R4G1","nickName":"仲昆皓lz54","gender":"男","img":"","agentID":"000"},{"customerID":"6XbRgl9pBQrKVBSSa53szE4f2oEp25","nickName":"晁浩博7603","gender":"女","img":"","agentID":"000"},{"customerID":"UxlFGlU78MU62Z4s5p3l0YICRkL7nI","nickName":"宓振平h54m","gender":"男","img":"","agentID":"000"},{"customerID":"aP4f0cB6h31i1m7659F7825A88G833","nickName":"阎宣朗o913","gender":"女","img":"","agentID":"000"},{"customerID":"Y4UUrfd79CbNS24S79t1364A2o8d5W","nickName":"侯浩邈5QU6","gender":"男","img":"","agentID":"000"},{"customerID":"N97h01P4P2724741b2aJARr100zb21","nickName":"蓬昌翰6889","gender":"女","img":"","agentID":"000"},{"customerID":"qRr5c9B0MwtX27Y7158sA1DCr54w52","nickName":"宗景浩8pZt","gender":"女","img":"","agentID":"000"},{"customerID":"8cMc31oTw6h3p3Gll10TwS9045J9r4","nickName":"公羊源Q5D8","gender":"女","img":"","agentID":"000"},{"customerID":"3El6604Yn92VhY127U17Ies529evMb","nickName":"解昆琦oa8F","gender":"女","img":"","agentID":"000"},{"customerID":"Rf71931R2Ob7tqaWc5wp78DH0QwThM","nickName":"柴运凯FYVR","gender":"男","img":"","agentID":"000"},{"customerID":"2hcVAHv3lm2753345812d9l26JklWr","nickName":"梅永昌78Oc","gender":"女","img":"","agentID":"000"},{"customerID":"A4a325U9E5j4oCqMUTrdqGV2wq9j7I","nickName":"项文景5UQU","gender":"女","img":"","agentID":"000"},{"customerID":"1m2yQ5L3n2462z2I20674BbGfB475G","nickName":"鱼乐42v6","gender":"男","img":"","agentID":"000"},{"customerID":"IV2E0e0Or7L53Fq08y5u994HA12PSo","nickName":"乌彭泽09F0","gender":"男","img":"","agentID":"000"},{"customerID":"4T12ZjewwO0vY2y9d4TvQT79t496S7","nickName":"厍浩歌72Td","gender":"女","img":"","agentID":"000"},{"customerID":"9Nl8IUcRc9N05C4pY28r9gz0B0Y890","nickName":"杜高朗nqjP","gender":"男","img":"","agentID":"000"},{"customerID":"7H93xqA4240t5ypeO54B717q5Q30hb","nickName":"傅泽洋I0g8","gender":"女","img":"","agentID":"000"},{"customerID":"f14XQd237moT060g5K42D9I6d10Aqe","nickName":"廉高旻7C87","gender":"女","img":"","agentID":"000"},{"customerID":"m538Y101J5R3I1NT4p2750X8498898","nickName":"范鸿风0NrG","gender":"男","img":"","agentID":"000"},{"customerID":"CRP88Y60e2bh1JB8516qAw1673JJn4","nickName":"史伟3Y02","gender":"男","img":"","agentID":"000"},{"customerID":"2He396ExH25621W5S28Ufqf1Z7ZRR2","nickName":"诸葛德明72oH","gender":"男","img":"","agentID":"000"},{"customerID":"81eI0EBf483NW9n97D7Cw9y2D24287","nickName":"乐鹏煊795G","gender":"男","img":"","agentID":"000"},{"customerID":"05VhMu7k4iyZT3x4f02C19Z06xR427","nickName":"冷如lVf1","gender":"女","img":"","agentID":"000"},{"customerID":"9Lzdz384T494L3Sp44i1308ksF16p6","nickName":"毋鸿卓Eo74","gender":"女","img":"","agentID":"000"},{"customerID":"9ngz6k9tq97627HP0b7iE9oqv9Hr41","nickName":"邢昌燎zy35","gender":"女","img":"","agentID":"000"},{"customerID":"569710971KAM0el8JnLK8299F2S90n","nickName":"龚运浩ho06","gender":"男","img":"","agentID":"000"},{"customerID":"GSdX2u320814S36Q33jF2B0fhn1T72","nickName":"李兰90z3","gender":"男","img":"","agentID":"000"},{"customerID":"30WN52Q36jE6v5l768658JwwOaJDUx","nickName":"纪海阳33T3","gender":"女","img":"","agentID":"000"},{"customerID":"4B02Y0Iq0668kH40aV905I07A6aNc5","nickName":"容芳q0q7","gender":"女","img":"","agentID":"000"},{"customerID":"oTs24Ft358sQ84W1yJlr58EUai027e","nickName":"澹台学智1063","gender":"男","img":"","agentID":"000"},{"customerID":"JkV9179KkA07Q390j9189FozF27C17","nickName":"梅文景EhT4","gender":"女","img":"","agentID":"000"},{"customerID":"HbMdsL58864lX2y8G0n8R27YY95137","nickName":"堵彦昌A7hV","gender":"男","img":"","agentID":"000"},{"customerID":"27onb6914fti21LG9jO795729849I2","nickName":"支鸿志VXS7","gender":"男","img":"","agentID":"000"},{"customerID":"Vh3Yzdhpz29MKM0r3TP024B4ZT1a7f","nickName":"羿华晖6284","gender":"女","img":"","agentID":"000"},{"customerID":"l443H999a19V0a48I3213kkZI9zdN2","nickName":"时昂熙T0e9","gender":"男","img":"","agentID":"000"},{"customerID":"9G35Mv4WN9IA4G7cf1zP2L6D5764YS","nickName":"吕景明024X","gender":"男","img":"","agentID":"000"},{"customerID":"qI66c13589B920Rf8S6334raCR2G8K","nickName":"危澄邈4hW3","gender":"男","img":"","agentID":"000"},{"customerID":"6T15Ch87s9D7141478o87G6q04KZr4","nickName":"韶浩瀚3582","gender":"男","img":"","agentID":"000"},{"customerID":"562pI0tH702mhd8r7esKX48H0u9Q7O","nickName":"姜耘志t66O","gender":"女","img":"","agentID":"000"},{"customerID":"Pl3387q86FIG815S2311Ti9058jq0f","nickName":"柳晗日VNXN","gender":"男","img":"","agentID":"000"},{"customerID":"DJ5MO9M7aIv8O532F7A7w3eU6163R6","nickName":"储高朗7F03","gender":"女","img":"","agentID":"000"},{"customerID":"3G5Am77J61rMGi0mI51Np078Zvi2Z9","nickName":"支永昌gUh5","gender":"男","img":"","agentID":"000"},{"customerID":"48g3H29U5sCM5H5Iw77i850T1W12XY","nickName":"羊高旻CcgW","gender":"男","img":"","agentID":"000"},{"customerID":"H34e1p93uY8wb6f9Ai25ho92m18K8D","nickName":"仰景明97Y3","gender":"男","img":"","agentID":"000"},{"customerID":"P85W30x3U8rAU0TCjsYya1J7GDp32v","nickName":"何涵蓄G0W8","gender":"男","img":"","agentID":"000"},{"customerID":"4Z753lkt33Qcw6N7P10CF589834312","nickName":"贡嘉澍l8Fe","gender":"女","img":"","agentID":"000"},{"customerID":"9F2rzg7H7o0gew12XN8QfK1JsZgX6P","nickName":"应浩皛3Q2j","gender":"女","img":"","agentID":"000"},{"customerID":"O0f8i5z044W329h078667K8LWn0vi8","nickName":"晁鸿晖92mQ","gender":"男","img":"","agentID":"000"},{"customerID":"82604bE6e369655a6692Vy1sC97447","nickName":"逑昊东f4h1","gender":"男","img":"","agentID":"000"},{"customerID":"v868vsoDIU9F3xE5283W23045P2bv9","nickName":"子车德昌pP60","gender":"男","img":"","agentID":"000"},{"customerID":"6390x0G57AT40A94E7hZE5S87253k8","nickName":"谭海逸nQe5","gender":"女","img":"","agentID":"000"},{"customerID":"P6K6lY30dqmA892HK88187AA656nCs","nickName":"於燕1okR","gender":"男","img":"","agentID":"000"},{"customerID":"99bz670Rn52Q74cG5Y199244Q5z5n9","nickName":"权辰钊5786","gender":"男","img":"","agentID":"000"},{"customerID":"yI091493LA26kAkr8XgBV51AB90V7J","nickName":"戎昆鹏8qV5","gender":"男","img":"","agentID":"000"},{"customerID":"mA4S0680ZZp34Wo440pTl4Uv205DM4","nickName":"空霞fdt1","gender":"男","img":"","agentID":"000"},{"customerID":"vF6rRWdV3J9E45f4I8a7YFhm68Pg16","nickName":"何瀚文1Bd5","gender":"男","img":"","agentID":"000"},{"customerID":"YU8u0j3hGTAI202gnra87r2WF8G266","nickName":"纪宣朗Q1n0","gender":"女","img":"","agentID":"000"},{"customerID":"X7J39d6PPhfodJ5VB8685W9uKK666m","nickName":"步辰钊f207","gender":"男","img":"","agentID":"000"},{"customerID":"h42j9v65301WB026807oxE5x881Akn","nickName":"施瑞渊55yg","gender":"女","img":"","agentID":"000"}],"links":[{"customerID":"q937824Q8Gf1Bc8rs3s53q18Yk2v8F","forwardUserID":"3F1P8qY9A0te799k8fmM6216749B47","value":"5","datetime":"2019-10-08T07:34:56.203Z","pageURL":"","pageName":""},{"customerID":"7vKH87QIZT4M78661P7Mm11Q8LkgSr","forwardUserID":"kgHC91aKA796137B6902WG0X6v4Pt6","value":"5","datetime":"2019-10-08T07:34:56.203Z","pageURL":"","pageName":""},{"customerID":"0p896y4246D9y4j6FV0N2WaPQIXHJI","forwardUserID":"8T9sp4DcKB1pIMNoYfz1M4w5924437","value":"5","datetime":"2019-10-08T07:34:56.203Z","pageURL":"","pageName":""},{"customerID":"bUDYk829rEds5VCI437tz91V33z38J","forwardUserID":"802TuHnY8m38V37565Mc95W5682312","value":"5","datetime":"2019-10-08T07:34:56.203Z","pageURL":"","pageName":""},{"customerID":"G657r740U63bNgZC6892JE8V86GR2u","forwardUserID":"ug0R4IZa37I3WK3kz0T797X00Cqff7","value":"5","datetime":"2019-10-08T07:34:56.203Z","pageURL":"","pageName":""},{"customerID":"dF174Z30596A37s3W31FB85E8q3Fr7","forwardUserID":"4ag5ZNK5E0sWOlC7sn6EIc86nj7ixT","value":"5","datetime":"2019-10-08T07:34:56.203Z","pageURL":"","pageName":""},{"customerID":"57k663pZ7682m751R6740oJD4fTe46","forwardUserID":"7UXu9Y3mr7My84L058g4414i5fu047","value":"5","datetime":"2019-10-08T07:34:56.203Z","pageURL":"","pageName":""},{"customerID":"KsCELGUi28hE7QJtB474x84bpI3148","forwardUserID":"802TuHnY8m38V37565Mc95W5682312","value":"5","datetime":"2019-10-08T07:34:56.203Z","pageURL":"","pageName":""},{"customerID":"R7n42Zu7062lX2v8UJN60qQs6q7m1x","forwardUserID":"05VhMu7k4iyZT3x4f02C19Z06xR427","value":"5","datetime":"2019-10-08T07:34:56.203Z","pageURL":"","pageName":""},{"customerID":"871MV9lLxdu9124e46If8o12V0u092","forwardUserID":"V1M8yITsS7594D61zv2bnVYA1qX797","value":"5","datetime":"2019-10-08T07:34:56.203Z","pageURL":"","pageName":""},{"customerID":"0wW302e76113grT05246gWW39J73Q2","forwardUserID":"2e6tALYA96v97jW3c6KD0Hv77U8N9z","value":"5","datetime":"2019-10-08T07:34:56.203Z","pageURL":"","pageName":""},{"customerID":"2P4h7f77qBgYWB0PPe2Wpbx62Jp471","forwardUserID":"3El6604Yn92VhY127U17Ies529evMb","value":"5","datetime":"2019-10-08T07:34:56.203Z","pageURL":"","pageName":""},{"customerID":"7KD4n6h9PRZ1rj5T8hk1nG0U2D397G","forwardUserID":"m4T11799P3m13376S34zTx11J0Y7jp","value":"5","datetime":"2019-10-08T07:34:56.203Z","pageURL":"","pageName":""},{"customerID":"95062wx55P1xvxP9H203I6J46v1H6S","forwardUserID":"GQ209aljhm781U89F91N7hd5Cz251I","value":"5","datetime":"2019-10-08T07:34:56.203Z","pageURL":"","pageName":""},{"customerID":"x6A2beh1a1830rK4O92448CsA68EU4","forwardUserID":"99bz670Rn52Q74cG5Y199244Q5z5n9","value":"5","datetime":"2019-10-08T07:34:56.203Z","pageURL":"","pageName":""},{"customerID":"w3eyB292e22Z4620Gpl7X64nm804U0","forwardUserID":"Pl3387q86FIG815S2311Ti9058jq0f","value":"5","datetime":"2019-10-08T07:34:56.203Z","pageURL":"","pageName":""},{"customerID":"5sUR0rWMhudUlu43bw51iDN6199d46","forwardUserID":"9G35Mv4WN9IA4G7cf1zP2L6D5764YS","value":"5","datetime":"2019-10-08T07:34:56.203Z","pageURL":"","pageName":""},{"customerID":"X4rB4f1z7mH2K1D4Z8863u24gS4J9A","forwardUserID":"41NQ041R0J3H3qhT15Z7820q5j6da4","value":"5","datetime":"2019-10-08T07:34:56.203Z","pageURL":"","pageName":""},{"customerID":"9t83Z0VJ44C48803i5Skt2951z0i25","forwardUserID":"79LG95j0L40562L61o4scl763Bs1p9","value":"5","datetime":"2019-10-08T07:34:56.203Z","pageURL":"","pageName":""},{"customerID":"52VG51P536Q1Se7eu39jqgx9FcWl7n","forwardUserID":"RE5q3p9vJE5sYFLl71HL0a9d5XD351","value":"5","datetime":"2019-10-08T07:34:56.203Z","pageURL":"","pageName":""},{"customerID":"8Ux7W69io0275eXZo4KPT81759r189","forwardUserID":"Z4YIR1hBaaOv0q7mK0N861930BYn57","value":"5","datetime":"2019-10-08T07:34:56.203Z","pageURL":"","pageName":""},{"customerID":"t209XU62u13Kw1BW0f4n5I7m8EL74D","forwardUserID":"T81EBiaa8C52y8UG89Me8e6Q78sdF8","value":"5","datetime":"2019-10-08T07:34:56.203Z","pageURL":"","pageName":""},{"customerID":"02j8T8sw27J75214OvGtKj5XB77llD","forwardUserID":"Pl3387q86FIG815S2311Ti9058jq0f","value":"5","datetime":"2019-10-08T07:34:56.203Z","pageURL":"","pageName":""},{"customerID":"7WP85CFR08v1Y26kM1W1276lsozmGA","forwardUserID":"Al3bQ6C01Ym77mfS280jcx2j5u4ZMs","value":"5","datetime":"2019-10-08T07:34:56.203Z","pageURL":"","pageName":""},{"customerID":"V1M8yITsS7594D61zv2bnVYA1qX797","forwardUserID":"P0A8L40jE3sv5hw07391oL45H731u8","value":"5","datetime":"2019-10-08T07:34:56.203Z","pageURL":"","pageName":""},{"customerID":"zo6L29415Zg8d460v7j64q112cWBn4","forwardUserID":"9G35Mv4WN9IA4G7cf1zP2L6D5764YS","value":"5","datetime":"2019-10-08T07:34:56.203Z","pageURL":"","pageName":""},{"customerID":"4ag5ZNK5E0sWOlC7sn6EIc86nj7ixT","forwardUserID":"57k663pZ7682m751R6740oJD4fTe46","value":"5","datetime":"2019-10-08T07:34:56.203Z","pageURL":"","pageName":""},{"customerID":"9q1dcC92He7HHKBh27AN673S10hNp8","forwardUserID":"P0A8L40jE3sv5hw07391oL45H731u8","value":"5","datetime":"2019-10-08T07:34:56.203Z","pageURL":"","pageName":""},{"customerID":"05nU0HYs845E75kXTS90z6822753u6","forwardUserID":"6390x0G57AT40A94E7hZE5S87253k8","value":"5","datetime":"2019-10-08T07:34:56.203Z","pageURL":"","pageName":""},{"customerID":"Agv7B1r9582PNQnc87e7jabH0Y5H65","forwardUserID":"H34e1p93uY8wb6f9Ai25ho92m18K8D","value":"5","datetime":"2019-10-08T07:34:56.203Z","pageURL":"","pageName":""},{"customerID":"29m47Z37Wi09ORSo36hXI090KRWc71","forwardUserID":"786628OvIE32ib66F38tT85216vum9","value":"5","datetime":"2019-10-08T07:34:56.203Z","pageURL":"","pageName":""},{"customerID":"ug0R4IZa37I3WK3kz0T797X00Cqff7","forwardUserID":"57I45l995Nq03mo247Ug94144q0n5P","value":"5","datetime":"2019-10-08T07:34:56.203Z","pageURL":"","pageName":""},{"customerID":"2gF4222O59E3gq9l3qZ9047Yip7019","forwardUserID":"9Lzdz384T494L3Sp44i1308ksF16p6","value":"5","datetime":"2019-10-08T07:34:56.203Z","pageURL":"","pageName":""},{"customerID":"19xpabG36il311EMN2P3MUX5F6tfYG","forwardUserID":"X7J39d6PPhfodJ5VB8685W9uKK666m","value":"5","datetime":"2019-10-08T07:34:56.203Z","pageURL":"","pageName":""},{"customerID":"cJi099S0B60In9nmLi9s0c19RtnZIn","forwardUserID":"Y884m05wGj41H3J98hnT462S3Xn0YM","value":"5","datetime":"2019-10-08T07:34:56.203Z","pageURL":"","pageName":""},{"customerID":"33X580DjJ71n2Mn00118Kb10bG0P67","forwardUserID":"3r692469t37460QO99674K9fLDE264","value":"5","datetime":"2019-10-08T07:34:56.203Z","pageURL":"","pageName":""},{"customerID":"R250Gs9T04T35v9f28w893BNCaE1yf","forwardUserID":"gAi203a604J43rC9N7271bCqb8AG8l","value":"5","datetime":"2019-10-08T07:34:56.203Z","pageURL":"","pageName":""},{"customerID":"TwD69SH35k11jg6OGif1Lx45o8j8pk","forwardUserID":"41NQ041R0J3H3qhT15Z7820q5j6da4","value":"5","datetime":"2019-10-08T07:34:56.203Z","pageURL":"","pageName":""},{"customerID":"Fx9972B0Sc3AD0t0b93A2m722Ad34E","forwardUserID":"9Nl8IUcRc9N05C4pY28r9gz0B0Y890","value":"5","datetime":"2019-10-08T07:34:56.203Z","pageURL":"","pageName":""},{"customerID":"2bqE115A42uuHK6qC26Pz9KC0A86V0","forwardUserID":"xCscK076UI0j9141MoT6061L55Ze49","value":"5","datetime":"2019-10-08T07:34:56.203Z","pageURL":"","pageName":""},{"customerID":"1Uh4r6h10228q243h1Z0X63R1628IJ","forwardUserID":"1k40am2TV8V0A4V95B6bR5g297nWP1","value":"5","datetime":"2019-10-08T07:34:56.203Z","pageURL":"","pageName":""},{"customerID":"8WN1D3743fQTT50S167t4G8Q7U8N2Y","forwardUserID":"9Nl8IUcRc9N05C4pY28r9gz0B0Y890","value":"5","datetime":"2019-10-08T07:34:56.203Z","pageURL":"","pageName":""},{"customerID":"76lt2tQsqe7Usd1G870iX91K446276","forwardUserID":"23X713c8C7512175dgAhEbKL0chKai","value":"5","datetime":"2019-10-08T07:34:56.203Z","pageURL":"","pageName":""},{"customerID":"Y884m05wGj41H3J98hnT462S3Xn0YM","forwardUserID":"5z99p86frz92B0I394U5S8H37988S5","value":"5","datetime":"2019-10-08T07:34:56.203Z","pageURL":"","pageName":""},{"customerID":"795U88H30ZLB8P0T858H686x1bB4wD","forwardUserID":"3r692469t37460QO99674K9fLDE264","value":"5","datetime":"2019-10-08T07:34:56.203Z","pageURL":"","pageName":""},{"customerID":"P0A8L40jE3sv5hw07391oL45H731u8","forwardUserID":"7WP85CFR08v1Y26kM1W1276lsozmGA","value":"5","datetime":"2019-10-08T07:34:56.203Z","pageURL":"","pageName":""},{"customerID":"V80rIU4i235eQIKBa948L53yP11dz7","forwardUserID":"laeKTlqK0oFSGIWP7OY0atn8978w0i","value":"5","datetime":"2019-10-08T07:34:56.203Z","pageURL":"","pageName":""},{"customerID":"265295024Wo6ns12y3f37G2K33070z","forwardUserID":"Z4YIR1hBaaOv0q7mK0N861930BYn57","value":"5","datetime":"2019-10-08T07:34:56.203Z","pageURL":"","pageName":""},{"customerID":"0u0raRDrq076yi5uMx7b53wG251gSn","forwardUserID":"1C51Bp13GS883558Y85kfu6KRzAo0v","value":"5","datetime":"2019-10-08T07:34:56.203Z","pageURL":"","pageName":""},{"customerID":"IxfO96x1M1P1sbv81g6K0Z0B3b6h7u","forwardUserID":"W3261Tt50nNtV995dO42Oz749rK8hg","value":"5","datetime":"2019-10-08T07:34:56.203Z","pageURL":"","pageName":""},{"customerID":"hT0qVn3g433a58BT0R7isyqmM9f798","forwardUserID":"4M1ulT82a201DW01oN35t37595jKWo","value":"5","datetime":"2019-10-08T07:34:56.203Z","pageURL":"","pageName":""},{"customerID":"345a9PI36s8hr8s5t2gC296yavEo0S","forwardUserID":"Y9a9zH5EJ54eCgnDQu4r57r346G6Bu","value":"5","datetime":"2019-10-08T07:34:56.203Z","pageURL":"","pageName":""},{"customerID":"QO3XR1h639KAVw172POgZFXC03c03u","forwardUserID":"05nU0HYs845E75kXTS90z6822753u6","value":"5","datetime":"2019-10-08T07:34:56.203Z","pageURL":"","pageName":""},{"customerID":"7xO59WgN78E7H6F8C5N41fN14vx8yx","forwardUserID":"8T9sp4DcKB1pIMNoYfz1M4w5924437","value":"5","datetime":"2019-10-08T07:34:56.203Z","pageURL":"","pageName":""},{"customerID":"8T9sp4DcKB1pIMNoYfz1M4w5924437","forwardUserID":"X4rB4f1z7mH2K1D4Z8863u24gS4J9A","value":"5","datetime":"2019-10-08T07:34:56.203Z","pageURL":"","pageName":""},{"customerID":"1732740cO62otwuUt4603q802623nl","forwardUserID":"23pSG03S7L6YTV9z5j7113rzlsWaGb","value":"5","datetime":"2019-10-08T07:34:56.203Z","pageURL":"","pageName":""},{"customerID":"TJ4jHB6278cA887gI4114jE72hul18","forwardUserID":"41z656f317SK96W8Z4YN1N98506oIu","value":"5","datetime":"2019-10-08T07:34:56.203Z","pageURL":"","pageName":""},{"customerID":"27OT95322krK88hfY303kKl74A2lEx","forwardUserID":"9G7t0LiOSY53yLd26O8276Gysc8qy6","value":"5","datetime":"2019-10-08T07:34:56.203Z","pageURL":"","pageName":""},{"customerID":"56sRm5Zvps34730HmM3D2e00X03s98","forwardUserID":"m538Y101J5R3I1NT4p2750X8498898","value":"5","datetime":"2019-10-08T07:34:56.203Z","pageURL":"","pageName":""},{"customerID":"28Zr770Syn0L36397B3v90r438321A","forwardUserID":"T8S780x2DBeKx6Z54I0Lf107S0Df77","value":"5","datetime":"2019-10-08T07:34:56.203Z","pageURL":"","pageName":""},{"customerID":"OY7k6Az7lXg686203k3946VjkQ3e61","forwardUserID":"w3eyB292e22Z4620Gpl7X64nm804U0","value":"5","datetime":"2019-10-08T07:34:56.203Z","pageURL":"","pageName":""},{"customerID":"n6yD1jX7B6H5750eactOd3719uvhV3","forwardUserID":"RE5q3p9vJE5sYFLl71HL0a9d5XD351","value":"5","datetime":"2019-10-08T07:34:56.203Z","pageURL":"","pageName":""},{"customerID":"5AV5Xb612K3879gel1f6212kGK5pG2","forwardUserID":"23X713c8C7512175dgAhEbKL0chKai","value":"5","datetime":"2019-10-08T07:34:56.203Z","pageURL":"","pageName":""},{"customerID":"1L3H6M7w7580gWckJ0lpEg12TvIV6p","forwardUserID":"3IzD0V5i75E87OLct45Q3IB01Yi74N","value":"5","datetime":"2019-10-08T07:34:56.203Z","pageURL":"","pageName":""},{"customerID":"796n0rc4E5VHWZ8y65754x63Y38B42","forwardUserID":"m014EQf20264l3vvzRn673n2k0N46y","value":"5","datetime":"2019-10-08T07:34:56.203Z","pageURL":"","pageName":""},{"customerID":"T9FWZ45G687qnIUpW54bqyPY80Jj02","forwardUserID":"G657r740U63bNgZC6892JE8V86GR2u","value":"5","datetime":"2019-10-08T07:34:56.203Z","pageURL":"","pageName":""},{"customerID":"0n3r8722395HW18H5e31622884W25y","forwardUserID":"4Ff72l96J043TH0S3H768V0y7c8Ii6","value":"5","datetime":"2019-10-08T07:34:56.203Z","pageURL":"","pageName":""},{"customerID":"3e59iA45A55hha5n0j799q1I4B05dj","forwardUserID":"4Z753lkt33Qcw6N7P10CF589834312","value":"5","datetime":"2019-10-08T07:34:56.203Z","pageURL":"","pageName":""},{"customerID":"4km4tAhn0FS1564yd820Sl3pIk3oZy","forwardUserID":"81eI0EBf483NW9n97D7Cw9y2D24287","value":"5","datetime":"2019-10-08T07:34:56.203Z","pageURL":"","pageName":""},{"customerID":"0Y48I40C480KzH823GVXA30f7zWF81","forwardUserID":"hT0qVn3g433a58BT0R7isyqmM9f798","value":"5","datetime":"2019-10-08T07:34:56.203Z","pageURL":"","pageName":""},{"customerID":"786628OvIE32ib66F38tT85216vum9","forwardUserID":"T9FWZ45G687qnIUpW54bqyPY80Jj02","value":"5","datetime":"2019-10-08T07:34:56.203Z","pageURL":"","pageName":""},{"customerID":"99t782htW188Bx7q02000i8CPO90P5","forwardUserID":"eEx8Mj2X639e9UNa9LOf120374xhvp","value":"5","datetime":"2019-10-08T07:34:56.203Z","pageURL":"","pageName":""},{"customerID":"RE5q3p9vJE5sYFLl71HL0a9d5XD351","forwardUserID":"hrF44218E3Yv9798HSg11mwre88A83","value":"5","datetime":"2019-10-08T07:34:56.203Z","pageURL":"","pageName":""},{"customerID":"iHy1mgv05pPTW1e53vE974s2M3Hl45","forwardUserID":"Z3l57637792av02P0Y3x0cy65Yl7Mo","value":"5","datetime":"2019-10-08T07:34:56.203Z","pageURL":"","pageName":""},{"customerID":"41NQ041R0J3H3qhT15Z7820q5j6da4","forwardUserID":"eEx8Mj2X639e9UNa9LOf120374xhvp","value":"5","datetime":"2019-10-08T07:34:56.203Z","pageURL":"","pageName":""},{"customerID":"ab04SVx9Bcztr1IJhF6FAB1W3o2IDh","forwardUserID":"9q924hgQWELO704c2s4Hyumre5SN5n","value":"5","datetime":"2019-10-08T07:34:56.203Z","pageURL":"","pageName":""},{"customerID":"Q2553KgRA7s6jh83v6UyEagF4n20uc","forwardUserID":"iHy1mgv05pPTW1e53vE974s2M3Hl45","value":"5","datetime":"2019-10-08T07:34:56.203Z","pageURL":"","pageName":""},{"customerID":"7zcJke74nU51792h8n6930A9c12l3x","forwardUserID":"9FBw0NZ0BiLnqU93LnR34nekg02SS2","value":"5","datetime":"2019-10-08T07:34:56.203Z","pageURL":"","pageName":""},{"customerID":"0D67b9GE0r36Jkb09V41Ub0qt50F33","forwardUserID":"7MqEaM0108j0o2p7qYLX96jg3UL8Dp","value":"5","datetime":"2019-10-08T07:34:56.203Z","pageURL":"","pageName":""},{"customerID":"48nd6929KWQ95412A29734u5U0yAP0","forwardUserID":"1k40am2TV8V0A4V95B6bR5g297nWP1","value":"5","datetime":"2019-10-08T07:34:56.203Z","pageURL":"","pageName":""},{"customerID":"0660450LTG2YhD2z36E2h76G27ACQ7","forwardUserID":"18n91T594cL0A8a14523YWotTK5ZTs","value":"5","datetime":"2019-10-08T07:34:56.203Z","pageURL":"","pageName":""},{"customerID":"Vdx72v51xli402h1aFT4Xb746k3D35","forwardUserID":"1L3H6M7w7580gWckJ0lpEg12TvIV6p","value":"5","datetime":"2019-10-08T07:34:56.203Z","pageURL":"","pageName":""},{"customerID":"5z99p86frz92B0I394U5S8H37988S5","forwardUserID":"OFZ8cYPC09e8Jg1C1e0574uhd340XS","value":"5","datetime":"2019-10-08T07:34:56.203Z","pageURL":"","pageName":""},{"customerID":"fLp8q2wOodP8rqzO3g4rZR40Q10XR5","forwardUserID":"3G5Am77J61rMGi0mI51Np078Zvi2Z9","value":"5","datetime":"2019-10-08T07:34:56.203Z","pageURL":"","pageName":""},{"customerID":"08rjS5549111R9IcK2K2PoF3O6LD33","forwardUserID":"3El6604Yn92VhY127U17Ies529evMb","value":"5","datetime":"2019-10-08T07:34:56.203Z","pageURL":"","pageName":""},{"customerID":"HF9x3g794A82E105l49E4l1EoO20X0","forwardUserID":"796n0rc4E5VHWZ8y65754x63Y38B42","value":"5","datetime":"2019-10-08T07:34:56.203Z","pageURL":"","pageName":""},{"customerID":"9M628Gbe4A87AN6WN69J0v7z9AFK1b","forwardUserID":"IV2E0e0Or7L53Fq08y5u994HA12PSo","value":"5","datetime":"2019-10-08T07:34:56.203Z","pageURL":"","pageName":""},{"customerID":"5334772DHzt5Q57yL71Qwz392Y6K1A","forwardUserID":"8T9sp4DcKB1pIMNoYfz1M4w5924437","value":"5","datetime":"2019-10-08T07:34:56.203Z","pageURL":"","pageName":""},{"customerID":"0U1R8AknX3224FCY76D1PG5583b9f9","forwardUserID":"h42j9v65301WB026807oxE5x881Akn","value":"5","datetime":"2019-10-08T07:34:56.203Z","pageURL":"","pageName":""},{"customerID":"4es1N4T0vu202ft9E7VE4XVj5Y3BJ9","forwardUserID":"P6K6lY30dqmA892HK88187AA656nCs","value":"5","datetime":"2019-10-08T07:34:56.203Z","pageURL":"","pageName":""},{"customerID":"764tF7R259q86Y9S71213gFb8Omhpe","forwardUserID":"57k663pZ7682m751R6740oJD4fTe46","value":"5","datetime":"2019-10-08T07:34:56.203Z","pageURL":"","pageName":""},{"customerID":"6p79381X7742316eg9H2POE40e3J17","forwardUserID":"q5c87U282OyDi81H0uY7RySCY284F1","value":"5","datetime":"2019-10-08T07:34:56.203Z","pageURL":"","pageName":""},{"customerID":"9G7t0LiOSY53yLd26O8276Gysc8qy6","forwardUserID":"52Q9nqt1513h2fwQGi38N9dWpL2cQt","value":"5","datetime":"2019-10-08T07:34:56.203Z","pageURL":"","pageName":""},{"customerID":"z6oZ4G9C609oeN1l32500PgVa7oVg5","forwardUserID":"41z656f317SK96W8Z4YN1N98506oIu","value":"5","datetime":"2019-10-08T07:34:56.203Z","pageURL":"","pageName":""},{"customerID":"1k40am2TV8V0A4V95B6bR5g297nWP1","forwardUserID":"R7n42Zu7062lX2v8UJN60qQs6q7m1x","value":"5","datetime":"2019-10-08T07:34:56.203Z","pageURL":"","pageName":""},{"customerID":"dR7V7G7cgF54skL8B20eht9P91lfnH","forwardUserID":"795U88H30ZLB8P0T858H686x1bB4wD","value":"5","datetime":"2019-10-08T07:34:56.203Z","pageURL":"","pageName":""},{"customerID":"j6zi9U115Ur17JYfQ1Dt06PG1TXZ07","forwardUserID":"764tF7R259q86Y9S71213gFb8Omhpe","value":"5","datetime":"2019-10-08T07:34:56.203Z","pageURL":"","pageName":""},{"customerID":"23X713c8C7512175dgAhEbKL0chKai","forwardUserID":"81eI0EBf483NW9n97D7Cw9y2D24287","value":"5","datetime":"2019-10-08T07:34:56.203Z","pageURL":"","pageName":""},{"customerID":"kgHC91aKA796137B6902WG0X6v4Pt6","forwardUserID":"75944kFcx1Z71wbFZBX267vkj8t4Hj","value":"5","datetime":"2019-10-08T07:34:56.203Z","pageURL":"","pageName":""},{"customerID":"Xu7l735j60871O90e216Q5b87dTw9H","forwardUserID":"4J8a1hZO50F6N746i32C6j3RR41OHZ","value":"5","datetime":"2019-10-08T07:34:56.203Z","pageURL":"","pageName":""},{"customerID":"107a6ayx2nU83419NW60R1wl9Fu0G1","forwardUserID":"62169y557Zbs8xv40809my7anhk2Pw","value":"5","datetime":"2019-10-08T07:34:56.203Z","pageURL":"","pageName":""},{"customerID":"6c3cc4w968P4C374161AuWlP9j0T5q","forwardUserID":"19xpabG36il311EMN2P3MUX5F6tfYG","value":"5","datetime":"2019-10-08T07:34:56.203Z","pageURL":"","pageName":""},{"customerID":"7MqEaM0108j0o2p7qYLX96jg3UL8Dp","forwardUserID":"yI091493LA26kAkr8XgBV51AB90V7J","value":"5","datetime":"2019-10-08T07:34:56.203Z","pageURL":"","pageName":""},{"customerID":"eEx8Mj2X639e9UNa9LOf120374xhvp","forwardUserID":"vF6rRWdV3J9E45f4I8a7YFhm68Pg16","value":"5","datetime":"2019-10-08T07:34:56.203Z","pageURL":"","pageName":""},{"customerID":"bP3c9GPQ664D78VC30H342fK284XmO","forwardUserID":"40hP6V3872i8zmjxe1I5jSf6w1KNb4","value":"5","datetime":"2019-10-08T07:34:56.203Z","pageURL":"","pageName":""},{"customerID":"40GAV3329Rm4132B8oS7p290Rl9gok","forwardUserID":"DJ5MO9M7aIv8O532F7A7w3eU6163R6","value":"5","datetime":"2019-10-08T07:34:56.203Z","pageURL":"","pageName":""},{"customerID":"9FC0jT695MsS53kX8E9E230p0Zcy94","forwardUserID":"d7VH19mpB01J429FP1B1YO0991129a","value":"5","datetime":"2019-10-08T07:34:56.203Z","pageURL":"","pageName":""},{"customerID":"ISi1qWwC6083X30gx017s34219biwv","forwardUserID":"hT0qVn3g433a58BT0R7isyqmM9f798","value":"5","datetime":"2019-10-08T07:34:56.203Z","pageURL":"","pageName":""},{"customerID":"f14146lyZ9M2kj3h50B769S747iwR8","forwardUserID":"w1966wwUFXDuNi30XFf4f9yu315J5U","value":"5","datetime":"2019-10-08T07:34:56.203Z","pageURL":"","pageName":""},{"customerID":"01C7wD587b56j9WY9xk5k4W5ASfP8j","forwardUserID":"8jQH1pGHaC0Cl7I646948rcS4A3j0e","value":"5","datetime":"2019-10-08T07:34:56.203Z","pageURL":"","pageName":""},{"customerID":"7we0E2v3r0115bYK8O120Nx0430F7y","forwardUserID":"h1bVEp60sCt62vkwM1MV9578T1y171","value":"5","datetime":"2019-10-08T07:34:56.203Z","pageURL":"","pageName":""},{"customerID":"3E9jE321250q84o08bvZW18944g39f","forwardUserID":"62169y557Zbs8xv40809my7anhk2Pw","value":"5","datetime":"2019-10-08T07:34:56.203Z","pageURL":"","pageName":""},{"customerID":"5OJy9aZ20qqPCe0m5O30niWYslqI58","forwardUserID":"3e59iA45A55hha5n0j799q1I4B05dj","value":"5","datetime":"2019-10-08T07:34:56.203Z","pageURL":"","pageName":""},{"customerID":"87m9833a8N0BN1V2IaSF074401b2RX","forwardUserID":"3G5Am77J61rMGi0mI51Np078Zvi2Z9","value":"5","datetime":"2019-10-08T07:34:56.203Z","pageURL":"","pageName":""},{"customerID":"Z4YIR1hBaaOv0q7mK0N861930BYn57","forwardUserID":"zo6L29415Zg8d460v7j64q112cWBn4","value":"5","datetime":"2019-10-08T07:34:56.203Z","pageURL":"","pageName":""},{"customerID":"41z656f317SK96W8Z4YN1N98506oIu","forwardUserID":"025X7254C3114hyQuf9wb0Rqqv0Kkt","value":"5","datetime":"2019-10-08T07:34:56.203Z","pageURL":"","pageName":""},{"customerID":"s1977zvKG0ocOB4C2600uC8DzY2b36","forwardUserID":"dF174Z30596A37s3W31FB85E8q3Fr7","value":"5","datetime":"2019-10-08T07:34:56.203Z","pageURL":"","pageName":""},{"customerID":"hrF44218E3Yv9798HSg11mwre88A83","forwardUserID":"802TuHnY8m38V37565Mc95W5682312","value":"5","datetime":"2019-10-08T07:34:56.203Z","pageURL":"","pageName":""},{"customerID":"039Y6x0i0R0Qq6ZbD49899U5mj3iCE","forwardUserID":"4B02Y0Iq0668kH40aV905I07A6aNc5","value":"5","datetime":"2019-10-08T07:34:56.203Z","pageURL":"","pageName":""},{"customerID":"8Xh6brms4P3LZ6L0yxVQfP677696Y7","forwardUserID":"OFZ8cYPC09e8Jg1C1e0574uhd340XS","value":"5","datetime":"2019-10-08T07:34:56.203Z","pageURL":"","pageName":""},{"customerID":"297q0M3451j8jR21n98xe88N73i6zI","forwardUserID":"1tN3VZeO3uh3954282i1l0697682VU","value":"5","datetime":"2019-10-08T07:34:56.203Z","pageURL":"","pageName":""},{"customerID":"40hP6V3872i8zmjxe1I5jSf6w1KNb4","forwardUserID":"d2yB64lqqM0186r13EM9462F958ii9","value":"5","datetime":"2019-10-08T07:34:56.203Z","pageURL":"","pageName":""},{"customerID":"vT9M6Vokm4v17jrj2ZXhM9632fR4d0","forwardUserID":"0wW302e76113grT05246gWW39J73Q2","value":"5","datetime":"2019-10-08T07:34:56.203Z","pageURL":"","pageName":""},{"customerID":"3106305N9wcT9c6bB2L4MssMgD30i1","forwardUserID":"17q45892rv6C25b2hJsD892V7u041I","value":"5","datetime":"2019-10-08T07:34:56.203Z","pageURL":"","pageName":""},{"customerID":"96o9Q8HYw1741HHMl9mmV10uo834W2","forwardUserID":"9Y35z4x3bJ187X8G7B8R5T8ng97rba","value":"5","datetime":"2019-10-08T07:34:56.203Z","pageURL":"","pageName":""},{"customerID":"AVHwSl23568aq731yHJG2bXL6027E4","forwardUserID":"27OT95322krK88hfY303kKl74A2lEx","value":"5","datetime":"2019-10-08T07:34:56.203Z","pageURL":"","pageName":""},{"customerID":"iMlEN5H32tz8OUx92As19QI72e4K4j","forwardUserID":"40hP6V3872i8zmjxe1I5jSf6w1KNb4","value":"5","datetime":"2019-10-08T07:34:56.203Z","pageURL":"","pageName":""},{"customerID":"Al3bQ6C01Ym77mfS280jcx2j5u4ZMs","forwardUserID":"qRr5c9B0MwtX27Y7158sA1DCr54w52","value":"5","datetime":"2019-10-08T07:34:56.203Z","pageURL":"","pageName":""},{"customerID":"BwTw7zaOOsUx066k5D2v9Kw4456JD9","forwardUserID":"1C51Bp13GS883558Y85kfu6KRzAo0v","value":"5","datetime":"2019-10-08T07:34:56.203Z","pageURL":"","pageName":""},{"customerID":"4M1ulT82a201DW01oN35t37595jKWo","forwardUserID":"27onb6914fti21LG9jO795729849I2","value":"5","datetime":"2019-10-08T07:34:56.203Z","pageURL":"","pageName":""},{"customerID":"0c15833Q99018Qk2jB1oP4Kb71n64G","forwardUserID":"Pl3387q86FIG815S2311Ti9058jq0f","value":"5","datetime":"2019-10-08T07:34:56.203Z","pageURL":"","pageName":""},{"customerID":"bg093d0y2EhM18i7dZrp67c963LA6T","forwardUserID":"795U88H30ZLB8P0T858H686x1bB4wD","value":"5","datetime":"2019-10-08T07:34:56.203Z","pageURL":"","pageName":""},{"customerID":"Ka58259B7SfqiC4D2K172LO98QVb83","forwardUserID":"bUDYk829rEds5VCI437tz91V33z38J","value":"5","datetime":"2019-10-08T07:34:56.203Z","pageURL":"","pageName":""},{"customerID":"q5c87U282OyDi81H0uY7RySCY284F1","forwardUserID":"Y9a9zH5EJ54eCgnDQu4r57r346G6Bu","value":"5","datetime":"2019-10-08T07:34:56.203Z","pageURL":"","pageName":""},{"customerID":"ik9412Og0wE439k20f5FYA85RU377q","forwardUserID":"9q1dcC92He7HHKBh27AN673S10hNp8","value":"5","datetime":"2019-10-08T07:34:56.203Z","pageURL":"","pageName":""},{"customerID":"7qmvGh0W286241xx255C27NC61678H","forwardUserID":"9Lzdz384T494L3Sp44i1308ksF16p6","value":"5","datetime":"2019-10-08T07:34:56.203Z","pageURL":"","pageName":""},{"customerID":"Tt53oD0C6Dr172XwPP5GO6UR5DrOI4","forwardUserID":"l443H999a19V0a48I3213kkZI9zdN2","value":"5","datetime":"2019-10-08T07:34:56.203Z","pageURL":"","pageName":""},{"customerID":"1tN3VZeO3uh3954282i1l0697682VU","forwardUserID":"0egDNC0dhvC12KajtbvfF2575qbhdI","value":"5","datetime":"2019-10-08T07:34:56.203Z","pageURL":"","pageName":""},{"customerID":"137f5hK98Mdg521oC3W5K17aoT9IFN","forwardUserID":"laeKTlqK0oFSGIWP7OY0atn8978w0i","value":"5","datetime":"2019-10-08T07:34:56.203Z","pageURL":"","pageName":""},{"customerID":"GQ209aljhm781U89F91N7hd5Cz251I","forwardUserID":"2P4h7f77qBgYWB0PPe2Wpbx62Jp471","value":"5","datetime":"2019-10-08T07:34:56.203Z","pageURL":"","pageName":""},{"customerID":"8jQH1pGHaC0Cl7I646948rcS4A3j0e","forwardUserID":"786628OvIE32ib66F38tT85216vum9","value":"5","datetime":"2019-10-08T07:34:56.203Z","pageURL":"","pageName":""},{"customerID":"52Q9nqt1513h2fwQGi38N9dWpL2cQt","forwardUserID":"025X7254C3114hyQuf9wb0Rqqv0Kkt","value":"5","datetime":"2019-10-08T07:34:56.203Z","pageURL":"","pageName":""},{"customerID":"d2yB64lqqM0186r13EM9462F958ii9","forwardUserID":"w3eyB292e22Z4620Gpl7X64nm804U0","value":"5","datetime":"2019-10-08T07:34:56.203Z","pageURL":"","pageName":""},{"customerID":"G79gS7wVvX8o6Q8278955r74P39299","forwardUserID":"KAV1G3LZDG4C2J0g9yeu9rVCs18vLI","value":"5","datetime":"2019-10-08T07:34:56.203Z","pageURL":"","pageName":""},{"customerID":"m4T11799P3m13376S34zTx11J0Y7jp","forwardUserID":"7we0E2v3r0115bYK8O120Nx0430F7y","value":"5","datetime":"2019-10-08T07:34:56.203Z","pageURL":"","pageName":""},{"customerID":"6z4ol73gcb5E6J890juR66X71K9V1L","forwardUserID":"1Uh4r6h10228q243h1Z0X63R1628IJ","value":"5","datetime":"2019-10-08T07:34:56.203Z","pageURL":"","pageName":""},{"customerID":"aeGCQ07a34x8089p9740Bm46A93705","forwardUserID":"0604i258P11902x18g8Z5s4057uoTW","value":"5","datetime":"2019-10-08T07:34:56.203Z","pageURL":"","pageName":""},{"customerID":"2738SXIF84Pm7h824XPsJ8p9zY76bO","forwardUserID":"3IzD0V5i75E87OLct45Q3IB01Yi74N","value":"5","datetime":"2019-10-08T07:34:56.203Z","pageURL":"","pageName":""},{"customerID":"laeKTlqK0oFSGIWP7OY0atn8978w0i","forwardUserID":"0n3r8722395HW18H5e31622884W25y","value":"5","datetime":"2019-10-08T07:34:56.203Z","pageURL":"","pageName":""},{"customerID":"0egDNC0dhvC12KajtbvfF2575qbhdI","forwardUserID":"4WHA402CY0990c1094Q08qs0WXe800","value":"5","datetime":"2019-10-08T07:34:56.203Z","pageURL":"","pageName":""},{"customerID":"025X7254C3114hyQuf9wb0Rqqv0Kkt","forwardUserID":"9G7t0LiOSY53yLd26O8276Gysc8qy6","value":"5","datetime":"2019-10-08T07:34:56.203Z","pageURL":"","pageName":""},{"customerID":"s3ex9f182317TaD16h4SXRjzAwr0nE","forwardUserID":"3pAbD75b6KphqgO8PG16Y754kW0ZE8","value":"5","datetime":"2019-10-08T07:34:56.203Z","pageURL":"","pageName":""},{"customerID":"9FBw0NZ0BiLnqU93LnR34nekg02SS2","forwardUserID":"Vh3Yzdhpz29MKM0r3TP024B4ZT1a7f","value":"5","datetime":"2019-10-08T07:34:56.203Z","pageURL":"","pageName":""},{"customerID":"Gl12o0gBK8H9C6y9LHeO2V134YPvN4","forwardUserID":"aP4f0cB6h31i1m7659F7825A88G833","value":"5","datetime":"2019-10-08T07:34:56.203Z","pageURL":"","pageName":""},{"customerID":"8J979V292e19m2h8040JPEC5bj561z","forwardUserID":"O0f8i5z044W329h078667K8LWn0vi8","value":"5","datetime":"2019-10-08T07:34:56.203Z","pageURL":"","pageName":""},{"customerID":"W7lVX3H4n91k0304AA0533i8cA30XT","forwardUserID":"0u0raRDrq076yi5uMx7b53wG251gSn","value":"5","datetime":"2019-10-08T07:34:56.203Z","pageURL":"","pageName":""},{"customerID":"57I45l995Nq03mo247Ug94144q0n5P","forwardUserID":"d2yB64lqqM0186r13EM9462F958ii9","value":"5","datetime":"2019-10-08T07:34:56.203Z","pageURL":"","pageName":""},{"customerID":"o3h36MO07r36r47yvcIgr864w91JCO","forwardUserID":"iMlEN5H32tz8OUx92As19QI72e4K4j","value":"5","datetime":"2019-10-08T07:34:56.203Z","pageURL":"","pageName":""},{"customerID":"7hTZXn39q35V6d05bC862C7oyFe4K9","forwardUserID":"79LG95j0L40562L61o4scl763Bs1p9","value":"5","datetime":"2019-10-08T07:34:56.203Z","pageURL":"","pageName":""},{"customerID":"0Yb2x2uSnu9DJ4Iw46ReZwpz38PqS3","forwardUserID":"mA4S0680ZZp34Wo440pTl4Uv205DM4","value":"5","datetime":"2019-10-08T07:34:56.203Z","pageURL":"","pageName":""},{"customerID":"5QPSl0y0U41HjR9qM6552f839JhZ0A","forwardUserID":"43ea8DFI2Ca1mhJY963Fe74PCW5f37","value":"5","datetime":"2019-10-08T07:34:56.203Z","pageURL":"","pageName":""},{"customerID":"17q45892rv6C25b2hJsD892V7u041I","forwardUserID":"8Ux7W69io0275eXZo4KPT81759r189","value":"5","datetime":"2019-10-08T07:34:56.203Z","pageURL":"","pageName":""},{"customerID":"Er3f24T5s12BesLViY582A7469388M","forwardUserID":"BwTw7zaOOsUx066k5D2v9Kw4456JD9","value":"5","datetime":"2019-10-08T07:34:56.203Z","pageURL":"","pageName":""},{"customerID":"T7nO5t0s12W94367CSz6HaSJ088565","forwardUserID":"w90704BO0259W7o2U20L7hS3xU178V","value":"5","datetime":"2019-10-08T07:34:56.203Z","pageURL":"","pageName":""},{"customerID":"4Ff72l96J043TH0S3H768V0y7c8Ii6","forwardUserID":"ab04SVx9Bcztr1IJhF6FAB1W3o2IDh","value":"5","datetime":"2019-10-08T07:34:56.203Z","pageURL":"","pageName":""},{"customerID":"4L2y38vb09D3K8TGoK20807E5485Za","forwardUserID":"5OJy9aZ20qqPCe0m5O30niWYslqI58","value":"5","datetime":"2019-10-08T07:34:56.203Z","pageURL":"","pageName":""},{"customerID":"2e6tALYA96v97jW3c6KD0Hv77U8N9z","forwardUserID":"7hTZXn39q35V6d05bC862C7oyFe4K9","value":"5","datetime":"2019-10-08T07:34:56.203Z","pageURL":"","pageName":""},{"customerID":"3pAbD75b6KphqgO8PG16Y754kW0ZE8","forwardUserID":"41z656f317SK96W8Z4YN1N98506oIu","value":"5","datetime":"2019-10-08T07:34:56.203Z","pageURL":"","pageName":""},{"customerID":"OFZ8cYPC09e8Jg1C1e0574uhd340XS","forwardUserID":"9FBw0NZ0BiLnqU93LnR34nekg02SS2","value":"5","datetime":"2019-10-08T07:34:56.203Z","pageURL":"","pageName":""},{"customerID":"Y9a9zH5EJ54eCgnDQu4r57r346G6Bu","forwardUserID":"8cMc31oTw6h3p3Gll10TwS9045J9r4","value":"5","datetime":"2019-10-08T07:34:56.203Z","pageURL":"","pageName":""},{"customerID":"5q8k28S010250q222ZyDfDq6U72saQ","forwardUserID":"3106305N9wcT9c6bB2L4MssMgD30i1","value":"5","datetime":"2019-10-08T07:34:56.203Z","pageURL":"","pageName":""},{"customerID":"62169y557Zbs8xv40809my7anhk2Pw","forwardUserID":"q937824Q8Gf1Bc8rs3s53q18Yk2v8F","value":"5","datetime":"2019-10-08T07:34:56.203Z","pageURL":"","pageName":""},{"customerID":"77W7l2F23d26An26261S9wfJ32K937","forwardUserID":"9Lzdz384T494L3Sp44i1308ksF16p6","value":"5","datetime":"2019-10-08T07:34:56.203Z","pageURL":"","pageName":""},{"customerID":"92DXef19Zs7gJOJ62p52u5ZP9X1587","forwardUserID":"4Ff72l96J043TH0S3H768V0y7c8Ii6","value":"5","datetime":"2019-10-08T07:34:56.203Z","pageURL":"","pageName":""},{"customerID":"4075N8vX36w5R963813KxhmD1634zD","forwardUserID":"77W7l2F23d26An26261S9wfJ32K937","value":"5","datetime":"2019-10-08T07:34:56.203Z","pageURL":"","pageName":""},{"customerID":"4J8a1hZO50F6N746i32C6j3RR41OHZ","forwardUserID":"81eI0EBf483NW9n97D7Cw9y2D24287","value":"5","datetime":"2019-10-08T07:34:56.203Z","pageURL":"","pageName":""},{"customerID":"3r692469t37460QO99674K9fLDE264","forwardUserID":"5sUR0rWMhudUlu43bw51iDN6199d46","value":"5","datetime":"2019-10-08T07:34:56.203Z","pageURL":"","pageName":""},{"customerID":"m014EQf20264l3vvzRn673n2k0N46y","forwardUserID":"vF6rRWdV3J9E45f4I8a7YFhm68Pg16","value":"5","datetime":"2019-10-08T07:34:56.203Z","pageURL":"","pageName":""},{"customerID":"20c70V1969x3HWR3t60CO0P218962x","forwardUserID":"569710971KAM0el8JnLK8299F2S90n","value":"5","datetime":"2019-10-08T07:34:56.203Z","pageURL":"","pageName":""},{"customerID":"2F47J2iTQBN41Koxt3L6w464TEk8U2","forwardUserID":"2738SXIF84Pm7h824XPsJ8p9zY76bO","value":"5","datetime":"2019-10-08T07:34:56.203Z","pageURL":"","pageName":""},{"customerID":"2cM317n0654NK5G42YS7s085L6HPMc","forwardUserID":"Q2553KgRA7s6jh83v6UyEagF4n20uc","value":"5","datetime":"2019-10-08T07:34:56.203Z","pageURL":"","pageName":""},{"customerID":"KAV1G3LZDG4C2J0g9yeu9rVCs18vLI","forwardUserID":"SN8yD5VN5416nl74mXq30D0YQf651W","value":"5","datetime":"2019-10-08T07:34:56.203Z","pageURL":"","pageName":""},{"customerID":"OS0NRjz2S95562zWEyk0509RKxEKle","forwardUserID":"1C51Bp13GS883558Y85kfu6KRzAo0v","value":"5","datetime":"2019-10-08T07:34:56.203Z","pageURL":"","pageName":""},{"customerID":"7DO337JE3DsNU1qk688t42SHh0098q","forwardUserID":"3G5Am77J61rMGi0mI51Np078Zvi2Z9","value":"5","datetime":"2019-10-08T07:34:56.203Z","pageURL":"","pageName":""},{"customerID":"YsCBrj3M3y62M925N938r84208Aa5z","forwardUserID":"Zx5gm1826Px0S2205HL1WrS8B1cL11","value":"5","datetime":"2019-10-08T07:34:56.203Z","pageURL":"","pageName":""},{"customerID":"Nr619cNS3a125E61440CY97J8V65Bb","forwardUserID":"ISi1qWwC6083X30gx017s34219biwv","value":"5","datetime":"2019-10-08T07:34:56.203Z","pageURL":"","pageName":""},{"customerID":"SN8yD5VN5416nl74mXq30D0YQf651W","forwardUserID":"0u0raRDrq076yi5uMx7b53wG251gSn","value":"5","datetime":"2019-10-08T07:34:56.203Z","pageURL":"","pageName":""},{"customerID":"W3261Tt50nNtV995dO42Oz749rK8hg","forwardUserID":"345a9PI36s8hr8s5t2gC296yavEo0S","value":"5","datetime":"2019-10-08T07:34:56.203Z","pageURL":"","pageName":""},{"customerID":"xCscK076UI0j9141MoT6061L55Ze49","forwardUserID":"o3h36MO07r36r47yvcIgr864w91JCO","value":"5","datetime":"2019-10-08T07:34:56.203Z","pageURL":"","pageName":""},{"customerID":"3F1P8qY9A0te799k8fmM6216749B47","forwardUserID":"0u0raRDrq076yi5uMx7b53wG251gSn","value":"5","datetime":"2019-10-08T07:34:56.203Z","pageURL":"","pageName":""},{"customerID":"1C51Bp13GS883558Y85kfu6KRzAo0v","forwardUserID":"5AV5Xb612K3879gel1f6212kGK5pG2","value":"5","datetime":"2019-10-08T07:34:56.203Z","pageURL":"","pageName":""},{"customerID":"802TuHnY8m38V37565Mc95W5682312","forwardUserID":"BwTw7zaOOsUx066k5D2v9Kw4456JD9","value":"5","datetime":"2019-10-08T07:34:56.203Z","pageURL":"","pageName":""},{"customerID":"9q924hgQWELO704c2s4Hyumre5SN5n","forwardUserID":"oP25Y5724pGdob4P32tSCnw85mcCR9","value":"5","datetime":"2019-10-08T07:34:56.203Z","pageURL":"","pageName":""},{"customerID":"GGH0TRcjP097894PE6UPES39M2e22s","forwardUserID":"laeKTlqK0oFSGIWP7OY0atn8978w0i","value":"5","datetime":"2019-10-08T07:34:56.203Z","pageURL":"","pageName":""},{"customerID":"z64168CEoFkXrSZ59mG5J4iBTu851a","forwardUserID":"2He396ExH25621W5S28Ufqf1Z7ZRR2","value":"5","datetime":"2019-10-08T07:34:56.203Z","pageURL":"","pageName":""},{"customerID":"18n91T594cL0A8a14523YWotTK5ZTs","forwardUserID":"ik9412Og0wE439k20f5FYA85RU377q","value":"5","datetime":"2019-10-08T07:34:56.203Z","pageURL":"","pageName":""},{"customerID":"XM9wn448002sL010NSVSy70Hyz9839","forwardUserID":"871MV9lLxdu9124e46If8o12V0u092","value":"5","datetime":"2019-10-08T07:34:56.203Z","pageURL":"","pageName":""},{"customerID":"a708828qOo2051T92t2K0jv23wOs75","forwardUserID":"bP3c9GPQ664D78VC30H342fK284XmO","value":"5","datetime":"2019-10-08T07:34:56.203Z","pageURL":"","pageName":""},{"customerID":"69Jsn9P16Pu6M40G78e2rr304kI26y","forwardUserID":"w1966wwUFXDuNi30XFf4f9yu315J5U","value":"5","datetime":"2019-10-08T07:34:56.203Z","pageURL":"","pageName":""},{"customerID":"T8S780x2DBeKx6Z54I0Lf107S0Df77","forwardUserID":"G657r740U63bNgZC6892JE8V86GR2u","value":"5","datetime":"2019-10-08T07:34:56.203Z","pageURL":"","pageName":""},{"customerID":"CFv5Y053ss7zkSzuh169nRP383l6O7","forwardUserID":"GSdX2u320814S36Q33jF2B0fhn1T72","value":"5","datetime":"2019-10-08T07:34:56.203Z","pageURL":"","pageName":""},{"customerID":"h1bVEp60sCt62vkwM1MV9578T1y171","forwardUserID":"zo6L29415Zg8d460v7j64q112cWBn4","value":"5","datetime":"2019-10-08T07:34:56.203Z","pageURL":"","pageName":""},{"customerID":"f6CRc2gi4pL9IYC4k7s42E4312Mj98","forwardUserID":"57k663pZ7682m751R6740oJD4fTe46","value":"5","datetime":"2019-10-08T07:34:56.203Z","pageURL":"","pageName":""},{"customerID":"Y2LFn83jpi75J6F7u15F44Q72439C4","forwardUserID":"27OT95322krK88hfY303kKl74A2lEx","value":"5","datetime":"2019-10-08T07:34:56.203Z","pageURL":"","pageName":""},{"customerID":"T81EBiaa8C52y8UG89Me8e6Q78sdF8","forwardUserID":"43ea8DFI2Ca1mhJY963Fe74PCW5f37","value":"5","datetime":"2019-10-08T07:34:56.203Z","pageURL":"","pageName":""},{"customerID":"0604i258P11902x18g8Z5s4057uoTW","forwardUserID":"27onb6914fti21LG9jO795729849I2","value":"5","datetime":"2019-10-08T07:34:56.203Z","pageURL":"","pageName":""},{"customerID":"43ea8DFI2Ca1mhJY963Fe74PCW5f37","forwardUserID":"5334772DHzt5Q57yL71Qwz392Y6K1A","value":"5","datetime":"2019-10-08T07:34:56.203Z","pageURL":"","pageName":""},{"customerID":"w1966wwUFXDuNi30XFf4f9yu315J5U","forwardUserID":"Nr619cNS3a125E61440CY97J8V65Bb","value":"5","datetime":"2019-10-08T07:34:56.203Z","pageURL":"","pageName":""},{"customerID":"109102r2L00zufT347UoBJ4Z154996","forwardUserID":"9M628Gbe4A87AN6WN69J0v7z9AFK1b","value":"5","datetime":"2019-10-08T07:34:56.203Z","pageURL":"","pageName":""},{"customerID":"79LG95j0L40562L61o4scl763Bs1p9","forwardUserID":"2hcVAHv3lm2753345812d9l26JklWr","value":"5","datetime":"2019-10-08T07:34:56.203Z","pageURL":"","pageName":""},{"customerID":"75944kFcx1Z71wbFZBX267vkj8t4Hj","forwardUserID":"Q2553KgRA7s6jh83v6UyEagF4n20uc","value":"5","datetime":"2019-10-08T07:34:56.203Z","pageURL":"","pageName":""},{"customerID":"2B921R4F41661WHq16GNt181f7F6el","forwardUserID":"7V061Z37590ny9800B9WO3l88lw283","value":"5","datetime":"2019-10-08T07:34:56.203Z","pageURL":"","pageName":""},{"customerID":"4WHA402CY0990c1094Q08qs0WXe800","forwardUserID":"92DXef19Zs7gJOJ62p52u5ZP9X1587","value":"5","datetime":"2019-10-08T07:34:56.203Z","pageURL":"","pageName":""},{"customerID":"Z516aeTCC6No29239729w3q1JVj4yS","forwardUserID":"9q1dcC92He7HHKBh27AN673S10hNp8","value":"5","datetime":"2019-10-08T07:34:56.203Z","pageURL":"","pageName":""},{"customerID":"1Iozw6hmr8xK6611Etq17e07972xEW","forwardUserID":"2F47J2iTQBN41Koxt3L6w464TEk8U2","value":"5","datetime":"2019-10-08T07:34:56.203Z","pageURL":"","pageName":""},{"customerID":"17mu8fJ9e811Wu42894molx9bAJ5KP","forwardUserID":"95062wx55P1xvxP9H203I6J46v1H6S","value":"5","datetime":"2019-10-08T07:34:56.203Z","pageURL":"","pageName":""},{"customerID":"3mdax4r0xA76083902qj3ZM0QQ71qx","forwardUserID":"fLp8q2wOodP8rqzO3g4rZR40Q10XR5","value":"5","datetime":"2019-10-08T07:34:56.203Z","pageURL":"","pageName":""},{"customerID":"3IzD0V5i75E87OLct45Q3IB01Yi74N","forwardUserID":"2cM317n0654NK5G42YS7s085L6HPMc","value":"5","datetime":"2019-10-08T07:34:56.203Z","pageURL":"","pageName":""},{"customerID":"Zx5gm1826Px0S2205HL1WrS8B1cL11","forwardUserID":"d7VH19mpB01J429FP1B1YO0991129a","value":"5","datetime":"2019-10-08T07:34:56.203Z","pageURL":"","pageName":""},{"customerID":"d7VH19mpB01J429FP1B1YO0991129a","forwardUserID":"57k663pZ7682m751R6740oJD4fTe46","value":"5","datetime":"2019-10-08T07:34:56.203Z","pageURL":"","pageName":""},{"customerID":"i4n0ce63a0m4F0Q7ux99M07844aj7m","forwardUserID":"871MV9lLxdu9124e46If8o12V0u092","value":"5","datetime":"2019-10-08T07:34:56.203Z","pageURL":"","pageName":""},{"customerID":"N7D819C5rrU7w49xq0oEp9Y74g76pS","forwardUserID":"Y2LFn83jpi75J6F7u15F44Q72439C4","value":"5","datetime":"2019-10-08T07:34:56.203Z","pageURL":"","pageName":""},{"customerID":"gAi203a604J43rC9N7271bCqb8AG8l","forwardUserID":"0egDNC0dhvC12KajtbvfF2575qbhdI","value":"5","datetime":"2019-10-08T07:34:56.203Z","pageURL":"","pageName":""},{"customerID":"Z3l57637792av02P0Y3x0cy65Yl7Mo","forwardUserID":"23pSG03S7L6YTV9z5j7113rzlsWaGb","value":"5","datetime":"2019-10-08T07:34:56.203Z","pageURL":"","pageName":""},{"customerID":"oP25Y5724pGdob4P32tSCnw85mcCR9","forwardUserID":"G79gS7wVvX8o6Q8278955r74P39299","value":"5","datetime":"2019-10-08T07:34:56.203Z","pageURL":"","pageName":""},{"customerID":"w5168x454i4y1sR67IFv88b71aO6M7","forwardUserID":"HbMdsL58864lX2y8G0n8R27YY95137","value":"5","datetime":"2019-10-08T07:34:56.203Z","pageURL":"","pageName":""},{"customerID":"9Y35z4x3bJ187X8G7B8R5T8ng97rba","forwardUserID":"3pAbD75b6KphqgO8PG16Y754kW0ZE8","value":"5","datetime":"2019-10-08T07:34:56.203Z","pageURL":"","pageName":""},{"customerID":"f384R26ImbUhO2lGd9RxPzF81I81R6","forwardUserID":"2bqE115A42uuHK6qC26Pz9KC0A86V0","value":"5","datetime":"2019-10-08T07:34:56.203Z","pageURL":"","pageName":""},{"customerID":"w90704BO0259W7o2U20L7hS3xU178V","forwardUserID":"Fx9972B0Sc3AD0t0b93A2m722Ad34E","value":"5","datetime":"2019-10-08T07:34:56.203Z","pageURL":"","pageName":""},{"customerID":"9E5612Lzq4KlAij867rhw70994Nv91","forwardUserID":"o3h36MO07r36r47yvcIgr864w91JCO","value":"5","datetime":"2019-10-08T07:34:56.203Z","pageURL":"","pageName":""},{"customerID":"9VVkTB57s7zxRctP506E66d28V5R9d","forwardUserID":"6390x0G57AT40A94E7hZE5S87253k8","value":"5","datetime":"2019-10-08T07:34:56.203Z","pageURL":"","pageName":""},{"customerID":"q0Ik85981AqXh81mRWW7muh5B992W8","forwardUserID":"cJi099S0B60In9nmLi9s0c19RtnZIn","value":"5","datetime":"2019-10-08T07:34:56.203Z","pageURL":"","pageName":""},{"customerID":"I6cqo0yuY3t5R997632k9xRjV3355O","forwardUserID":"0U1R8AknX3224FCY76D1PG5583b9f9","value":"5","datetime":"2019-10-08T07:34:56.203Z","pageURL":"","pageName":""},{"customerID":"23pSG03S7L6YTV9z5j7113rzlsWaGb","forwardUserID":"9FC0jT695MsS53kX8E9E230p0Zcy94","value":"5","datetime":"2019-10-08T07:34:56.203Z","pageURL":"","pageName":""},{"customerID":"7UXu9Y3mr7My84L058g4414i5fu047","forwardUserID":"76lt2tQsqe7Usd1G870iX91K446276","value":"5","datetime":"2019-10-08T07:34:56.203Z","pageURL":"","pageName":""},{"customerID":"orqGg7Ls5c1fK287och4m39p3l302N","forwardUserID":"Er3f24T5s12BesLViY582A7469388M","value":"5","datetime":"2019-10-08T07:34:56.203Z","pageURL":"","pageName":""},{"customerID":"7V061Z37590ny9800B9WO3l88lw283","forwardUserID":"KsCELGUi28hE7QJtB474x84bpI3148","value":"5","datetime":"2019-10-08T07:34:56.203Z","pageURL":"","pageName":""},{"customerID":"ba5o27422HnH45Fbf9r49YW9ui657a","forwardUserID":"q937824Q8Gf1Bc8rs3s53q18Yk2v8F","value":"5","datetime":"2019-10-08T07:34:56.203Z","pageURL":"","pageName":""},{"customerID":"1yyEK8u210ut1x18Le331gI7980H1N","forwardUserID":"9M628Gbe4A87AN6WN69J0v7z9AFK1b","value":"5","datetime":"2019-10-08T07:34:56.203Z","pageURL":"","pageName":""},{"customerID":"Vi62tWm926O6714JV0X7814cBHZWX0","forwardUserID":"IxfO96x1M1P1sbv81g6K0Z0B3b6h7u","value":"5","datetime":"2019-10-08T07:34:56.203Z","pageURL":"","pageName":""},{"customerID":"T67430503faZ0X459v8gO8ky318mnl","forwardUserID":"0660450LTG2YhD2z36E2h76G27ACQ7","value":"5","datetime":"2019-10-08T07:34:56.203Z","pageURL":"","pageName":""},{"customerID":"89856ik9CRvZ5Sq58VqGsp0s60R4G1","forwardUserID":"30WN52Q36jE6v5l768658JwwOaJDUx","value":"5","datetime":"2019-10-08T07:34:56.203Z","pageURL":"","pageName":""},{"customerID":"6XbRgl9pBQrKVBSSa53szE4f2oEp25","forwardUserID":"s3ex9f182317TaD16h4SXRjzAwr0nE","value":"5","datetime":"2019-10-08T07:34:56.203Z","pageURL":"","pageName":""},{"customerID":"UxlFGlU78MU62Z4s5p3l0YICRkL7nI","forwardUserID":"92DXef19Zs7gJOJ62p52u5ZP9X1587","value":"5","datetime":"2019-10-08T07:34:56.203Z","pageURL":"","pageName":""},{"customerID":"aP4f0cB6h31i1m7659F7825A88G833","forwardUserID":"69Jsn9P16Pu6M40G78e2rr304kI26y","value":"5","datetime":"2019-10-08T07:34:56.203Z","pageURL":"","pageName":""},{"customerID":"Y4UUrfd79CbNS24S79t1364A2o8d5W","forwardUserID":"6XbRgl9pBQrKVBSSa53szE4f2oEp25","value":"5","datetime":"2019-10-08T07:34:56.203Z","pageURL":"","pageName":""},{"customerID":"N97h01P4P2724741b2aJARr100zb21","forwardUserID":"G79gS7wVvX8o6Q8278955r74P39299","value":"5","datetime":"2019-10-08T07:34:56.203Z","pageURL":"","pageName":""},{"customerID":"qRr5c9B0MwtX27Y7158sA1DCr54w52","forwardUserID":"YsCBrj3M3y62M925N938r84208Aa5z","value":"5","datetime":"2019-10-08T07:34:56.203Z","pageURL":"","pageName":""},{"customerID":"8cMc31oTw6h3p3Gll10TwS9045J9r4","forwardUserID":"99bz670Rn52Q74cG5Y199244Q5z5n9","value":"5","datetime":"2019-10-08T07:34:56.203Z","pageURL":"","pageName":""},{"customerID":"3El6604Yn92VhY127U17Ies529evMb","forwardUserID":"Ka58259B7SfqiC4D2K172LO98QVb83","value":"5","datetime":"2019-10-08T07:34:56.203Z","pageURL":"","pageName":""},{"customerID":"Rf71931R2Ob7tqaWc5wp78DH0QwThM","forwardUserID":"vF6rRWdV3J9E45f4I8a7YFhm68Pg16","value":"5","datetime":"2019-10-08T07:34:56.203Z","pageURL":"","pageName":""},{"customerID":"2hcVAHv3lm2753345812d9l26JklWr","forwardUserID":"3e59iA45A55hha5n0j799q1I4B05dj","value":"5","datetime":"2019-10-08T07:34:56.203Z","pageURL":"","pageName":""},{"customerID":"A4a325U9E5j4oCqMUTrdqGV2wq9j7I","forwardUserID":"H34e1p93uY8wb6f9Ai25ho92m18K8D","value":"5","datetime":"2019-10-08T07:34:56.203Z","pageURL":"","pageName":""},{"customerID":"1m2yQ5L3n2462z2I20674BbGfB475G","forwardUserID":"5sUR0rWMhudUlu43bw51iDN6199d46","value":"5","datetime":"2019-10-08T07:34:56.203Z","pageURL":"","pageName":""},{"customerID":"IV2E0e0Or7L53Fq08y5u994HA12PSo","forwardUserID":"9Y35z4x3bJ187X8G7B8R5T8ng97rba","value":"5","datetime":"2019-10-08T07:34:56.203Z","pageURL":"","pageName":""},{"customerID":"4T12ZjewwO0vY2y9d4TvQT79t496S7","forwardUserID":"9Y35z4x3bJ187X8G7B8R5T8ng97rba","value":"5","datetime":"2019-10-08T07:34:56.203Z","pageURL":"","pageName":""},{"customerID":"9Nl8IUcRc9N05C4pY28r9gz0B0Y890","forwardUserID":"Y4UUrfd79CbNS24S79t1364A2o8d5W","value":"5","datetime":"2019-10-08T07:34:56.203Z","pageURL":"","pageName":""},{"customerID":"7H93xqA4240t5ypeO54B717q5Q30hb","forwardUserID":"265295024Wo6ns12y3f37G2K33070z","value":"5","datetime":"2019-10-08T07:34:56.203Z","pageURL":"","pageName":""},{"customerID":"f14XQd237moT060g5K42D9I6d10Aqe","forwardUserID":"1732740cO62otwuUt4603q802623nl","value":"5","datetime":"2019-10-08T07:34:56.203Z","pageURL":"","pageName":""},{"customerID":"m538Y101J5R3I1NT4p2750X8498898","forwardUserID":"8Ux7W69io0275eXZo4KPT81759r189","value":"5","datetime":"2019-10-08T07:34:56.203Z","pageURL":"","pageName":""},{"customerID":"CRP88Y60e2bh1JB8516qAw1673JJn4","forwardUserID":"yI091493LA26kAkr8XgBV51AB90V7J","value":"5","datetime":"2019-10-08T07:34:56.203Z","pageURL":"","pageName":""},{"customerID":"2He396ExH25621W5S28Ufqf1Z7ZRR2","forwardUserID":"Ka58259B7SfqiC4D2K172LO98QVb83","value":"5","datetime":"2019-10-08T07:34:56.203Z","pageURL":"","pageName":""},{"customerID":"81eI0EBf483NW9n97D7Cw9y2D24287","forwardUserID":"1tN3VZeO3uh3954282i1l0697682VU","value":"5","datetime":"2019-10-08T07:34:56.203Z","pageURL":"","pageName":""},{"customerID":"05VhMu7k4iyZT3x4f02C19Z06xR427","forwardUserID":"1tN3VZeO3uh3954282i1l0697682VU","value":"5","datetime":"2019-10-08T07:34:56.203Z","pageURL":"","pageName":""},{"customerID":"9Lzdz384T494L3Sp44i1308ksF16p6","forwardUserID":"DJ5MO9M7aIv8O532F7A7w3eU6163R6","value":"5","datetime":"2019-10-08T07:34:56.203Z","pageURL":"","pageName":""},{"customerID":"9ngz6k9tq97627HP0b7iE9oqv9Hr41","forwardUserID":"9q924hgQWELO704c2s4Hyumre5SN5n","value":"5","datetime":"2019-10-08T07:34:56.203Z","pageURL":"","pageName":""},{"customerID":"569710971KAM0el8JnLK8299F2S90n","forwardUserID":"Zx5gm1826Px0S2205HL1WrS8B1cL11","value":"5","datetime":"2019-10-08T07:34:56.203Z","pageURL":"","pageName":""},{"customerID":"GSdX2u320814S36Q33jF2B0fhn1T72","forwardUserID":"f14146lyZ9M2kj3h50B769S747iwR8","value":"5","datetime":"2019-10-08T07:34:56.203Z","pageURL":"","pageName":""},{"customerID":"30WN52Q36jE6v5l768658JwwOaJDUx","forwardUserID":"YsCBrj3M3y62M925N938r84208Aa5z","value":"5","datetime":"2019-10-08T07:34:56.203Z","pageURL":"","pageName":""},{"customerID":"4B02Y0Iq0668kH40aV905I07A6aNc5","forwardUserID":"ba5o27422HnH45Fbf9r49YW9ui657a","value":"5","datetime":"2019-10-08T07:34:56.203Z","pageURL":"","pageName":""},{"customerID":"oTs24Ft358sQ84W1yJlr58EUai027e","forwardUserID":"0604i258P11902x18g8Z5s4057uoTW","value":"5","datetime":"2019-10-08T07:34:56.203Z","pageURL":"","pageName":""},{"customerID":"JkV9179KkA07Q390j9189FozF27C17","forwardUserID":"265295024Wo6ns12y3f37G2K33070z","value":"5","datetime":"2019-10-08T07:34:56.203Z","pageURL":"","pageName":""},{"customerID":"HbMdsL58864lX2y8G0n8R27YY95137","forwardUserID":"bP3c9GPQ664D78VC30H342fK284XmO","value":"5","datetime":"2019-10-08T07:34:56.203Z","pageURL":"","pageName":""},{"customerID":"27onb6914fti21LG9jO795729849I2","forwardUserID":"17q45892rv6C25b2hJsD892V7u041I","value":"5","datetime":"2019-10-08T07:34:56.203Z","pageURL":"","pageName":""},{"customerID":"Vh3Yzdhpz29MKM0r3TP024B4ZT1a7f","forwardUserID":"w1966wwUFXDuNi30XFf4f9yu315J5U","value":"5","datetime":"2019-10-08T07:34:56.203Z","pageURL":"","pageName":""},{"customerID":"l443H999a19V0a48I3213kkZI9zdN2","forwardUserID":"8Ux7W69io0275eXZo4KPT81759r189","value":"5","datetime":"2019-10-08T07:34:56.203Z","pageURL":"","pageName":""},{"customerID":"9G35Mv4WN9IA4G7cf1zP2L6D5764YS","forwardUserID":"57I45l995Nq03mo247Ug94144q0n5P","value":"5","datetime":"2019-10-08T07:34:56.203Z","pageURL":"","pageName":""},{"customerID":"qI66c13589B920Rf8S6334raCR2G8K","forwardUserID":"3e59iA45A55hha5n0j799q1I4B05dj","value":"5","datetime":"2019-10-08T07:34:56.203Z","pageURL":"","pageName":""},{"customerID":"6T15Ch87s9D7141478o87G6q04KZr4","forwardUserID":"Q2553KgRA7s6jh83v6UyEagF4n20uc","value":"5","datetime":"2019-10-08T07:34:56.203Z","pageURL":"","pageName":""},{"customerID":"562pI0tH702mhd8r7esKX48H0u9Q7O","forwardUserID":"Rf71931R2Ob7tqaWc5wp78DH0QwThM","value":"5","datetime":"2019-10-08T07:34:56.203Z","pageURL":"","pageName":""},{"customerID":"Pl3387q86FIG815S2311Ti9058jq0f","forwardUserID":"h1bVEp60sCt62vkwM1MV9578T1y171","value":"5","datetime":"2019-10-08T07:34:56.203Z","pageURL":"","pageName":""},{"customerID":"DJ5MO9M7aIv8O532F7A7w3eU6163R6","forwardUserID":"bUDYk829rEds5VCI437tz91V33z38J","value":"5","datetime":"2019-10-08T07:34:56.203Z","pageURL":"","pageName":""},{"customerID":"3G5Am77J61rMGi0mI51Np078Zvi2Z9","forwardUserID":"Y4UUrfd79CbNS24S79t1364A2o8d5W","value":"5","datetime":"2019-10-08T07:34:56.203Z","pageURL":"","pageName":""},{"customerID":"48g3H29U5sCM5H5Iw77i850T1W12XY","forwardUserID":"t209XU62u13Kw1BW0f4n5I7m8EL74D","value":"5","datetime":"2019-10-08T07:34:56.203Z","pageURL":"","pageName":""},{"customerID":"H34e1p93uY8wb6f9Ai25ho92m18K8D","forwardUserID":"0Yb2x2uSnu9DJ4Iw46ReZwpz38PqS3","value":"5","datetime":"2019-10-08T07:34:56.203Z","pageURL":"","pageName":""},{"customerID":"P85W30x3U8rAU0TCjsYya1J7GDp32v","forwardUserID":"Z3l57637792av02P0Y3x0cy65Yl7Mo","value":"5","datetime":"2019-10-08T07:34:56.203Z","pageURL":"","pageName":""},{"customerID":"4Z753lkt33Qcw6N7P10CF589834312","forwardUserID":"796n0rc4E5VHWZ8y65754x63Y38B42","value":"5","datetime":"2019-10-08T07:34:56.204Z","pageURL":"","pageName":""},{"customerID":"9F2rzg7H7o0gew12XN8QfK1JsZgX6P","forwardUserID":"OFZ8cYPC09e8Jg1C1e0574uhd340XS","value":"5","datetime":"2019-10-08T07:34:56.204Z","pageURL":"","pageName":""},{"customerID":"O0f8i5z044W329h078667K8LWn0vi8","forwardUserID":"ba5o27422HnH45Fbf9r49YW9ui657a","value":"5","datetime":"2019-10-08T07:34:56.204Z","pageURL":"","pageName":""},{"customerID":"82604bE6e369655a6692Vy1sC97447","forwardUserID":"89856ik9CRvZ5Sq58VqGsp0s60R4G1","value":"5","datetime":"2019-10-08T07:34:56.204Z","pageURL":"","pageName":""},{"customerID":"v868vsoDIU9F3xE5283W23045P2bv9","forwardUserID":"7qmvGh0W286241xx255C27NC61678H","value":"5","datetime":"2019-10-08T07:34:56.204Z","pageURL":"","pageName":""},{"customerID":"6390x0G57AT40A94E7hZE5S87253k8","forwardUserID":"BwTw7zaOOsUx066k5D2v9Kw4456JD9","value":"5","datetime":"2019-10-08T07:34:56.204Z","pageURL":"","pageName":""},{"customerID":"P6K6lY30dqmA892HK88187AA656nCs","forwardUserID":"YsCBrj3M3y62M925N938r84208Aa5z","value":"5","datetime":"2019-10-08T07:34:56.204Z","pageURL":"","pageName":""},{"customerID":"99bz670Rn52Q74cG5Y199244Q5z5n9","forwardUserID":"1L3H6M7w7580gWckJ0lpEg12TvIV6p","value":"5","datetime":"2019-10-08T07:34:56.204Z","pageURL":"","pageName":""},{"customerID":"yI091493LA26kAkr8XgBV51AB90V7J","forwardUserID":"2F47J2iTQBN41Koxt3L6w464TEk8U2","value":"5","datetime":"2019-10-08T07:34:56.204Z","pageURL":"","pageName":""},{"customerID":"mA4S0680ZZp34Wo440pTl4Uv205DM4","forwardUserID":"17q45892rv6C25b2hJsD892V7u041I","value":"5","datetime":"2019-10-08T07:34:56.204Z","pageURL":"","pageName":""},{"customerID":"vF6rRWdV3J9E45f4I8a7YFhm68Pg16","forwardUserID":"7hTZXn39q35V6d05bC862C7oyFe4K9","value":"5","datetime":"2019-10-08T07:34:56.204Z","pageURL":"","pageName":""},{"customerID":"YU8u0j3hGTAI202gnra87r2WF8G266","forwardUserID":"G79gS7wVvX8o6Q8278955r74P39299","value":"5","datetime":"2019-10-08T07:34:56.204Z","pageURL":"","pageName":""},{"customerID":"X7J39d6PPhfodJ5VB8685W9uKK666m","forwardUserID":"7WP85CFR08v1Y26kM1W1276lsozmGA","value":"5","datetime":"2019-10-08T07:34:56.204Z","pageURL":"","pageName":""},{"customerID":"h42j9v65301WB026807oxE5x881Akn","forwardUserID":"8cMc31oTw6h3p3Gll10TwS9045J9r4","value":"5","datetime":"2019-10-08T07:34:56.204Z","pageURL":"","pageName":""}],"H5ID":"XXXX"}