{"nodes":[{"customerID":"S5FJ817x2A079851uy0nGuzq4c38zU","nickName":"夔昆纶4ba1","gender":"男","img":"","agentID":"000"},{"customerID":"144NW020T9596Zfi59u78D865p37St","nickName":"傅鸿博E4w6","gender":"男","img":"","agentID":"000"},{"customerID":"tdN16C6x8FszX59n96420GBp64c702","nickName":"班振平32Fu","gender":"女","img":"","agentID":"000"},{"customerID":"40f91T90eLiD1pFOdFkuo8zlhvz6E1","nickName":"孟昊苍ip4D","gender":"男","img":"","agentID":"000"},{"customerID":"rZa306Bt93Z605vP3cjPj289g9mSeX","nickName":"顾景中09d8","gender":"女","img":"","agentID":"000"},{"customerID":"63w77CUf2unN58s64z485Gcz2460Fa","nickName":"左丘浩广25kF","gender":"女","img":"","agentID":"000"},{"customerID":"lK546k4syK8e91w066P94X7F14cN4k","nickName":"胥鸿信Sj18","gender":"女","img":"","agentID":"000"},{"customerID":"Zqj315AW0t0E77U8OGYoAZ5636zP09","nickName":"水运恒266f","gender":"女","img":"","agentID":"000"},{"customerID":"EG6Nq836Rfry12ST8b4EnfONf22o2v","nickName":"莘智伟a7r4","gender":"女","img":"","agentID":"000"},{"customerID":"U743s86a3vRF48Gzy81DyNe8rb8Wd1","nickName":"干昌黎K01F","gender":"女","img":"","agentID":"000"},{"customerID":"MCGLA1eg234KC09hU7rU078ig9X9Y7","nickName":"查俊晖loYm","gender":"女","img":"","agentID":"000"},{"customerID":"wOpr0q8547yxzAp467flNyX5p9M089","nickName":"桂昌勋10Tq","gender":"男","img":"","agentID":"000"},{"customerID":"4a9TFC1hjaY27hz8P2B7N553B8MCm5","nickName":"范昌燎20A1","gender":"男","img":"","agentID":"000"},{"customerID":"93X7644z01Oa6mKf766V95H2420qIH","nickName":"彭曦哲B147","gender":"女","img":"","agentID":"000"},{"customerID":"Y17QV76812D99808z5RW46JYCN4s9h","nickName":"谢鸿卓65z0","gender":"男","img":"","agentID":"000"},{"customerID":"60060rw69e1p8p34GTod81J867h201","nickName":"裘鸿晖31mI","gender":"女","img":"","agentID":"000"},{"customerID":"2u403eQl3Oq8903379oA8W1c9Hfo99","nickName":"路佑运3rPQ","gender":"男","img":"","agentID":"000"},{"customerID":"7uEHE45l197v3d23ni6E152757v50o","nickName":"俞昊硕Yn93","gender":"女","img":"","agentID":"000"},{"customerID":"805300qk1Av2G7T1b0F565RqTL6984","nickName":"宇文德曜30g8","gender":"男","img":"","agentID":"000"},{"customerID":"vWTWu450l88ZAW3Kp34JsrZhrNL7uz","nickName":"蒋丽k7si","gender":"女","img":"","agentID":"000"},{"customerID":"qmMz346034W43j4C3eo5g238s9hov4","nickName":"井昊英4wN2","gender":"女","img":"","agentID":"000"},{"customerID":"No7907Xy3w573C9UpS37bdnXE02qZA","nickName":"暴博耘2Ei6","gender":"男","img":"","agentID":"000"},{"customerID":"U613SG5U55fl0I00602899519v2587","nickName":"郭景明F146","gender":"男","img":"","agentID":"000"},{"customerID":"80a1t3mNi813826978PTAu9VO24TVO","nickName":"诸金鹏21TM","gender":"女","img":"","agentID":"000"},{"customerID":"k3Veld97e271g1D7Q5w3j5Y363Bt50","nickName":"袁运良gfO6","gender":"女","img":"","agentID":"000"},{"customerID":"siuN1Vr132R6ik48llS7EV7go75cD1","nickName":"习绍晖3u21","gender":"男","img":"","agentID":"000"},{"customerID":"kcHX9Y20Mob3400y1LELvb21r41597","nickName":"莫子辰TKhF","gender":"男","img":"","agentID":"000"},{"customerID":"7t5k1KUk8Fl8ZV40eF8dhiCW3KCc9o","nickName":"裴旭炎y2A1","gender":"男","img":"","agentID":"000"},{"customerID":"5U2Z4qPiumrtT11isx5K59Qb671jJ1","nickName":"倪振博xU7L","gender":"男","img":"","agentID":"000"},{"customerID":"6nq54V95g0jtn94c42207Ex7nzhsG5","nickName":"邵运乾6R08","gender":"女","img":"","agentID":"000"},{"customerID":"M9cZ281czm0A4Y19Sz3i5Uu3zL0su4","nickName":"贺学智i8IS","gender":"女","img":"","agentID":"000"},{"customerID":"C0gC23U75u6Qc5q5rt3f9df35C6yXb","nickName":"郁旭尧1w5P","gender":"男","img":"","agentID":"000"},{"customerID":"2mB3y68304U399v2v57aw9797679NG","nickName":"吕瀚文90e2","gender":"男","img":"","agentID":"000"},{"customerID":"yhL63833f08MzBC71Q79jg48SJuC7q","nickName":"上官昆卉5Uf3","gender":"男","img":"","agentID":"000"},{"customerID":"89qn2Hd85F8kO4H2xPQJh86H77m238","nickName":"向耘涛241p","gender":"女","img":"","agentID":"000"},{"customerID":"n5NY5HM72812443b8qMXT50rTz4440","nickName":"蓬昂然09fh","gender":"男","img":"","agentID":"000"},{"customerID":"23du194l5b0628Ay4x2EsJ733QMS7W","nickName":"滑德运3BP0","gender":"女","img":"","agentID":"000"},{"customerID":"UR876r41VP8WzX1LWI05GA0mnh4J52","nickName":"全昆琦2Y6V","gender":"男","img":"","agentID":"000"},{"customerID":"2ojupLM508k557Xsu1NZcOD1JA0azF","nickName":"莘晗日qnqx","gender":"男","img":"","agentID":"000"},{"customerID":"e62j10Qt83Y1l8L1jk66604x0U669d","nickName":"公冶绍晖S763","gender":"女","img":"","agentID":"000"},{"customerID":"46UKIIGmR5aBap221v16z2n1m28plP","nickName":"莫娟p047","gender":"女","img":"","agentID":"000"},{"customerID":"15fV4SQ28x0844sgu99159J2Y3in93","nickName":"东昂然1O9b","gender":"女","img":"","agentID":"000"},{"customerID":"THKp7KGY9R09bh31x8777bz9F17Kda","nickName":"师芳1F12","gender":"女","img":"","agentID":"000"},{"customerID":"97r5wf99VMC6280Cn951aiuX81POK7","nickName":"栾昆杰ve05","gender":"男","img":"","agentID":"000"},{"customerID":"87L30k13k9YZh4l40T1Qf55Fjn1155","nickName":"养曜栋S1I2","gender":"男","img":"","agentID":"000"},{"customerID":"ow6al2259oP373Sg8405Soje7J2WH9","nickName":"屈振凯aw55","gender":"女","img":"","agentID":"000"},{"customerID":"D8N2YhxoWc7O8XzOQ5ps8l2G9DS168","nickName":"计高朗4298","gender":"男","img":"","agentID":"000"},{"customerID":"noa2xi05784v695zk1MN75r05YKdb1","nickName":"俞智杰D2ee","gender":"男","img":"","agentID":"000"},{"customerID":"r3mnu35g7Pd2K0i190od90N9L11623","nickName":"梅星腾l5mN","gender":"女","img":"","agentID":"000"},{"customerID":"1gR1J7Q5mrGgLl176EoYk10r3G02lI","nickName":"关新曦3XGI","gender":"男","img":"","agentID":"000"},{"customerID":"8b592jgD0TO888541n9a114e80Sd24","nickName":"闽鸿飞Z4pv","gender":"女","img":"","agentID":"000"},{"customerID":"d27gM70fu142S7BK90w429707E9YUw","nickName":"冉学智PJ12","gender":"男","img":"","agentID":"000"},{"customerID":"C23098R96Qj1W43651n5YQ4ip11C7M","nickName":"齐运恒C91P","gender":"男","img":"","agentID":"000"},{"customerID":"f4Zu5O070Aygw63fjf32m8ZoEz960r","nickName":"屠鸿波d3C9","gender":"女","img":"","agentID":"000"},{"customerID":"SLT98vkf5qT62x2D5L8aA04JS4x5jA","nickName":"单振凯l361","gender":"男","img":"","agentID":"000"},{"customerID":"yGPxFx62L40470gaeBCt2Ef4m41989","nickName":"沙景浩6G5r","gender":"男","img":"","agentID":"000"},{"customerID":"12M35Eu39959yxz837bD12G69436o9","nickName":"荆花4XM4","gender":"男","img":"","agentID":"000"},{"customerID":"649l6Dn3M9lk0GYxD3Lb5091V8tY8P","nickName":"茹星睿4U68","gender":"男","img":"","agentID":"000"},{"customerID":"1d9P6kp354to0i0gE7P3388055uy6m","nickName":"斜运浩pPGo","gender":"女","img":"","agentID":"000"},{"customerID":"42B6EGh5pso54S4uQjS4815Z42504A","nickName":"蒯澄邈lm17","gender":"男","img":"","agentID":"000"},{"customerID":"U68d6O41IhA7z0047Zwx5E2wVq1i64","nickName":"东方振宇I87v","gender":"男","img":"","agentID":"000"},{"customerID":"cg071q1s22L85Qn4O14Ad3P74056Xt","nickName":"隗昊嘉2m15","gender":"男","img":"","agentID":"000"},{"customerID":"799831niyF62tE6fKimISL45R5Ej8p","nickName":"禄耘涛3vj4","gender":"女","img":"","agentID":"000"},{"customerID":"39e453guW0eG10wd34ZbBb9Pk80y5v","nickName":"步昂熙4744","gender":"男","img":"","agentID":"000"},{"customerID":"0BE91L9GCk6nW186W396IjYg5U0V32","nickName":"耿浩阔q995","gender":"女","img":"","agentID":"000"},{"customerID":"vsbd6W6S53gg9G7913sT00b18Cbd63","nickName":"赵磊YE16","gender":"女","img":"","agentID":"000"},{"customerID":"h9ff39R9FN71i6Gm11r1hRh46WKS5a","nickName":"滑高朗N44J","gender":"男","img":"","agentID":"000"},{"customerID":"zJ30S1zq2N5La1i9Ot199Q7206QU27","nickName":"舒轩昂N998","gender":"男","img":"","agentID":"000"},{"customerID":"JYoy30Gq490gx1EW91K9282cr78tG1","nickName":"丁辰锟3SU1","gender":"男","img":"","agentID":"000"},{"customerID":"Pt37aQ972I146kbZ2J39QTvP6rrKh9","nickName":"伊鸿波S21Q","gender":"女","img":"","agentID":"000"},{"customerID":"6e08U5puGkdR1s1nw784R12D4CJ74s","nickName":"骆鑫鹏0yRJ","gender":"男","img":"","agentID":"000"},{"customerID":"xD60kKSPCFU0SG680KqY81Wslr13lN","nickName":"丘昆峰56k1","gender":"女","img":"","agentID":"000"},{"customerID":"717e9Dp2sUxTo6b6yB8V5ygJbt7g06","nickName":"皇甫昆峰o3Og","gender":"男","img":"","agentID":"000"},{"customerID":"566Gq20kH8r719O6N1Sn4B563J1i3N","nickName":"公耘志pZ6R","gender":"男","img":"","agentID":"000"},{"customerID":"3d7Rk47euXUS8S07NX1930s9a2Z08C","nickName":"酆鸿德3rk0","gender":"男","img":"","agentID":"000"},{"customerID":"iJoC2xKb5U77t01trqWr0788275p9i","nickName":"申屠昊硕17p4","gender":"女","img":"","agentID":"000"},{"customerID":"qYT80586J7850ka78762lufK49nt4h","nickName":"松昆谊5L40","gender":"女","img":"","agentID":"000"},{"customerID":"sg22ZP7I442j7M261o90J0gnER8gzN","nickName":"盖曜瑞7oxj","gender":"男","img":"","agentID":"000"},{"customerID":"h77Ww52m71M9ov34hkj463oJz8mUUU","nickName":"桑昂熙F8C0","gender":"女","img":"","agentID":"000"},{"customerID":"N7d8j83N1g7On63L28G4349sWGOC66","nickName":"陈耘志ph79","gender":"男","img":"","agentID":"000"},{"customerID":"55JPfy4qbnUFx4GRPn896aRMAm729K","nickName":"滕泽洋l4Mq","gender":"男","img":"","agentID":"000"},{"customerID":"YO6a6e8UG517Il8L3649308376y050","nickName":"乜音5p4T","gender":"女","img":"","agentID":"000"},{"customerID":"C185u3F4b080Pg608u6H83850Xy57d","nickName":"和鸿德1D9L","gender":"女","img":"","agentID":"000"},{"customerID":"Rt9J3QP0a2l37jbs1V1PWN06c665w7","nickName":"耿鹏煊42F1","gender":"女","img":"","agentID":"000"},{"customerID":"3v523660izVV0880354I7d6sQ54MdC","nickName":"双辰良V28o","gender":"男","img":"","agentID":"000"},{"customerID":"80ww549w80dn81e1s2IxbKlm7z04j6","nickName":"庾倩S4qa","gender":"女","img":"","agentID":"000"},{"customerID":"6X9xl9a1JQR5qrXZ209so1KZ3N2e26","nickName":"柳范明S4Th","gender":"男","img":"","agentID":"000"},{"customerID":"Bf3D7377IOldlJ92W6s49O7j0eIxX1","nickName":"羿允晨7pq1","gender":"男","img":"","agentID":"000"},{"customerID":"hplRw0xEv1064N3EydpvaS9unf84PZ","nickName":"董佑运B8cm","gender":"男","img":"","agentID":"000"},{"customerID":"2mu10632Ff4u7Y70V9iAOOQk7UYsp9","nickName":"周昌黎P64X","gender":"男","img":"","agentID":"000"},{"customerID":"UU9XNJ65K99Gi1WF0O6rMd4t8v7J35","nickName":"卞影3227","gender":"男","img":"","agentID":"000"},{"customerID":"5bC55aLw1y42St242r4VJ9xlV1mvEP","nickName":"祖鸿朗69P1","gender":"男","img":"","agentID":"000"},{"customerID":"37Ns22DA1415ALI2L9233W3Ab0421p","nickName":"壤驷金鹏h6W3","gender":"女","img":"","agentID":"000"},{"customerID":"Z9rr254F393p4475Ig6109MoKtNl2N","nickName":"裘新曦6T5q","gender":"男","img":"","agentID":"000"},{"customerID":"876KrGA4w3u0u136HJ7b2F1u5fs2pv","nickName":"单昂熙V78a","gender":"男","img":"","agentID":"000"},{"customerID":"Uz52Db8u9C4454s2283SLY60R2V658","nickName":"庾鹏涛1IL4","gender":"女","img":"","agentID":"000"},{"customerID":"w45FYzLdLdnGR8sy3L2r0P5GX4Rd42","nickName":"饶曜栋4V15","gender":"男","img":"","agentID":"000"},{"customerID":"9T8h5WRG2KFP42drZ1767AP2c9u87o","nickName":"柴星然849O","gender":"男","img":"","agentID":"000"},{"customerID":"XBPV804C6825E41uURF0ltF3RX196c","nickName":"班浩瀚I5T2","gender":"女","img":"","agentID":"000"},{"customerID":"549r477j6i5bRH7Smy238cl7212bTP","nickName":"衡鸿晖kFO4","gender":"男","img":"","agentID":"000"},{"customerID":"dp4G22G285NQc72zQxETl3q0116cY9","nickName":"终昊硕sU1V","gender":"女","img":"","agentID":"000"},{"customerID":"N5787Uy2QLrGR22d0y8r2rL6cID5Cg","nickName":"管强GV0I","gender":"男","img":"","agentID":"000"},{"customerID":"VH62GER6up39BO92W9Nr0S1CLY8n69","nickName":"曾昊英68s9","gender":"女","img":"","agentID":"000"},{"customerID":"0gkW8t147HEC15182ay27TB6440aQo","nickName":"申昆颉u74z","gender":"女","img":"","agentID":"000"},{"customerID":"4d60u83Jm0d8882yHo8HeRJvP53cB1","nickName":"昝振博25mv","gender":"女","img":"","agentID":"000"},{"customerID":"nKZE31oe00Wb2ula6fh0A184W10z6V","nickName":"经浩言mEy3","gender":"男","img":"","agentID":"000"},{"customerID":"2bF12W1B751jK37kyeAkPI8130109i","nickName":"程德昌y01q","gender":"男","img":"","agentID":"000"},{"customerID":"413na2606CSK7084lUE235801YKcpy","nickName":"夹谷景明zmCW","gender":"女","img":"","agentID":"000"},{"customerID":"Up7Py6zl4R0053Bsk8Ws887721fW93","nickName":"冀瀚昂v3Cl","gender":"男","img":"","agentID":"000"},{"customerID":"c6K6QxP387757bN63VC72V261X40V4","nickName":"彭运诚yFy8","gender":"女","img":"","agentID":"000"},{"customerID":"BoO3N9n1Dm78OzAh9Xma49F6X8297S","nickName":"陈君昊6v65","gender":"男","img":"","agentID":"000"},{"customerID":"KS0276gQh7BQ4i0Oe6FqNs521Y7V4C","nickName":"滕辰宇4n7V","gender":"男","img":"","agentID":"000"},{"customerID":"42R8k834J921m1Fl4H0i7752182E83","nickName":"宦曦之N9d3","gender":"女","img":"","agentID":"000"},{"customerID":"dg8350g1z11lF7XI627SRw44gUh98e","nickName":"成高朗4643","gender":"女","img":"","agentID":"000"},{"customerID":"E8bJOKcL8SsP96U2Mj4T60l4gq08KQ","nickName":"关光QVyv","gender":"女","img":"","agentID":"000"},{"customerID":"p1YXz6L756zx6tY0958r7jNrJad5M4","nickName":"莫旭东1881","gender":"女","img":"","agentID":"000"},{"customerID":"n4Lqq1vzN72O8T99A30L3oNi0vp6F0","nickName":"明昂杰3pX7","gender":"女","img":"","agentID":"000"},{"customerID":"p5370jikr1Kb0Xqke92e906gtYA921","nickName":"皮彦昌3MJx","gender":"男","img":"","agentID":"000"},{"customerID":"A7w939P5116qucOhDXFJ7526ByIaEG","nickName":"颜旭彬y61x","gender":"男","img":"","agentID":"000"},{"customerID":"vi6Rqrx2o6sPzx765Wo02075Z3f12Y","nickName":"谷梁昆宇6b9s","gender":"男","img":"","agentID":"000"},{"customerID":"FGFMcd7s2Q3G72dam074zzr5O7d8W8","nickName":"裴晗日I0L6","gender":"女","img":"","agentID":"000"},{"customerID":"I7O95j545z454e1kK2Ukf687Jn59kY","nickName":"岳瀚彭C7l8","gender":"男","img":"","agentID":"000"},{"customerID":"BmG764fy5709frHd7TkFo040HX46w9","nickName":"公冶昆皓K5Rw","gender":"女","img":"","agentID":"000"},{"customerID":"L8u01916DU80NUSJRPiP115P1yD699","nickName":"宇文晋鹏O088","gender":"男","img":"","agentID":"000"},{"customerID":"j27l08caliqY97Einr6Gg918sd68wm","nickName":"崔鸿朗7703","gender":"女","img":"","agentID":"000"},{"customerID":"94FU627X32c13ODJ3i8hX3V2891zb3","nickName":"冷澎湃pu7F","gender":"男","img":"","agentID":"000"},{"customerID":"95lwm60C1Y1Ft7d6Vc26Q441s9HkkO","nickName":"桓子昂17hm","gender":"女","img":"","agentID":"000"},{"customerID":"2Y7PSs56y39126ACZ6l6NwaV4aR3Vg","nickName":"岳泽民I0mh","gender":"男","img":"","agentID":"000"},{"customerID":"76x2jov3wb4aoJxSd7186L024r2i9u","nickName":"乌智宇dd25","gender":"女","img":"","agentID":"000"},{"customerID":"256clM68qP5462c9364J0236C9ICQK","nickName":"卞智阳lTu4","gender":"男","img":"","agentID":"000"},{"customerID":"DW7851eus689w5M5d91c4wG5DDY68o","nickName":"敖鹏涛8e2T","gender":"女","img":"","agentID":"000"},{"customerID":"97bR9117kXg4a6D90Pfpl8KG9v32Ka","nickName":"仲孙运莱0550","gender":"男","img":"","agentID":"000"},{"customerID":"RRm73l55Uw2H850XRA7qpYv5R1c931","nickName":"刘敏2R2M","gender":"男","img":"","agentID":"000"},{"customerID":"N08D6KcPbDMTM9EOugR14Rr2Y4wyY8","nickName":"印昆皓50gQ","gender":"女","img":"","agentID":"000"},{"customerID":"2N626cXf8h4UHi649EPBC9Cdd9qV3z","nickName":"郁文景yt2T","gender":"女","img":"","agentID":"000"},{"customerID":"1VzjVT2d41z4A0HoZ9vPp2403857Tz","nickName":"林光8ho1","gender":"女","img":"","agentID":"000"},{"customerID":"663H6T1e7L7730C8Oz7Th5BDy32n89","nickName":"堵秀456z","gender":"女","img":"","agentID":"000"},{"customerID":"Ydb83zbcK6KWieIB3sH14e9p18OCN8","nickName":"卜越泽GNT9","gender":"男","img":"","agentID":"000"},{"customerID":"Z594L2j56HD33kmf1xWmV87dUm6612","nickName":"简昌淼9k8b","gender":"男","img":"","agentID":"000"},{"customerID":"oi4k2kYpUG86744856UNLXcAEE5356","nickName":"辛昆鹏4XH8","gender":"男","img":"","agentID":"000"},{"customerID":"4nHO70VE9620ACsJ47ZMtZh14w6V75","nickName":"崔泽雨5RSO","gender":"女","img":"","agentID":"000"},{"customerID":"7oZ1Y42dn4K03419FH2Ee988cUK667","nickName":"通昌黎yt78","gender":"女","img":"","agentID":"000"},{"customerID":"g7NDif60sZec0d531YCYKiJNP6Ipq2","nickName":"尚旭尧9p9F","gender":"男","img":"","agentID":"000"},{"customerID":"l9cw1KN5iQ92C448A9Yrz112yy5nt5","nickName":"巴景彰P9U8","gender":"女","img":"","agentID":"000"},{"customerID":"9v83296KRT9dIK44w592qn73gvuIDh","nickName":"庾昆宇b0NM","gender":"女","img":"","agentID":"000"},{"customerID":"R830507f7BE2G70Z42klYw8IJ0288c","nickName":"周昆峰2101","gender":"女","img":"","agentID":"000"},{"customerID":"EHy5HuWrx95051vT1TnS046408cfd2","nickName":"仰鸿轩U127","gender":"男","img":"","agentID":"000"},{"customerID":"Y1a26gu54fB11X6y3846587a5f3p24","nickName":"融磊6Nz7","gender":"女","img":"","agentID":"000"},{"customerID":"4a2Ni4U9pbgQd0a11960VVZYq859yl","nickName":"滑轩昂N4U1","gender":"女","img":"","agentID":"000"},{"customerID":"kF7Kl3VadF4R17I8T4674xuT8K89rq","nickName":"公良浩慨0Y71","gender":"男","img":"","agentID":"000"},{"customerID":"121B9Gi72X083drd4dd77ii7DB1593","nickName":"厍泽民oRMX","gender":"女","img":"","agentID":"000"},{"customerID":"11t94Q333pCr4Ls08044mo7EmL094O","nickName":"姚铭晨mQ70","gender":"女","img":"","agentID":"000"},{"customerID":"2K2812fs5Tr500134718A3NOrVqY6N","nickName":"仇强Ce6s","gender":"男","img":"","agentID":"000"},{"customerID":"N50g4vmwhSBjx29NI7Q84c65189016","nickName":"杜德运4N9e","gender":"女","img":"","agentID":"000"},{"customerID":"6f3414a20ypS0xadV5CAHc1bHC3811","nickName":"皇甫维运o836","gender":"女","img":"","agentID":"000"},{"customerID":"j4PF08JExez6562OTC3l18B8697n7l","nickName":"申昆锐X061","gender":"女","img":"","agentID":"000"},{"customerID":"4BZ15B5X05kBY1WQ8LF9tIz0Q4c0CD","nickName":"胡辰皓9288","gender":"男","img":"","agentID":"000"},{"customerID":"0gFT6LSn0BEI2Rd723T7E6mZ13CAKn","nickName":"养鸿运4meO","gender":"女","img":"","agentID":"000"},{"customerID":"C10pK2986Bsw1S2DdOv5lWrLP7x77w","nickName":"左曦哲920S","gender":"女","img":"","agentID":"000"},{"customerID":"H97K052tR95iyjG1T43Xw0547xaY1U","nickName":"夔涵煦KxO3","gender":"女","img":"","agentID":"000"},{"customerID":"4698IEWqt5yS1vdj38ah759wD5Oxz0","nickName":"桓维运e094","gender":"女","img":"","agentID":"000"},{"customerID":"2tY54XkTo5F4Kf5MR9vN9229Po7F55","nickName":"宰轩昂iaP2","gender":"男","img":"","agentID":"000"},{"customerID":"j18jf6U1g5G5LY6o5vmNN7Wt2cpA34","nickName":"蓝瀚文98l9","gender":"男","img":"","agentID":"000"},{"customerID":"7FfrGFY6V4Y8VtXUg745mtZ8La277Z","nickName":"瞿昆谊GWNC","gender":"女","img":"","agentID":"000"},{"customerID":"9r2MV58f3tPr4N26B41y36Q7g2egl1","nickName":"糜振荣RIc0","gender":"男","img":"","agentID":"000"},{"customerID":"y74639W46t2952143n5RC6fNo9494K","nickName":"汤德曜R29j","gender":"女","img":"","agentID":"000"},{"customerID":"C4h77D80muor3Q2Y7w5M12ArBgV1bP","nickName":"梅晋鹏l810","gender":"女","img":"","agentID":"000"},{"customerID":"o1rQk9vV6D42MV1h4Cac56z3jTrV02","nickName":"万俟运凡7pvI","gender":"男","img":"","agentID":"000"},{"customerID":"MJRU3PAS1iiX5AUsxb78u31lh30mGK","nickName":"全鸿熙R533","gender":"女","img":"","agentID":"000"},{"customerID":"df70nga20Nx815qk6lcm6llnC85BYG","nickName":"乐正博耘9XD3","gender":"男","img":"","agentID":"000"},{"customerID":"7G6A91vL4K39no198150qUWv868685","nickName":"宣昊磊35vl","gender":"男","img":"","agentID":"000"},{"customerID":"g49k5K0tiZO3o21Hp991LyP3CoGCm7","nickName":"汤景逸83S7","gender":"男","img":"","agentID":"000"},{"customerID":"Q73bR6WB2BX25Qt5afyMHM0490qa0v","nickName":"欧阳鸿晖y12k","gender":"女","img":"","agentID":"000"},{"customerID":"E33YxTKD0a16y98Sb38e84U086307Q","nickName":"宁昆峰9v92","gender":"女","img":"","agentID":"000"},{"customerID":"n8U6c5SIw6G30f9ig6V37S0j05b7d0","nickName":"庞丽623t","gender":"女","img":"","agentID":"000"},{"customerID":"YMQN74usmw5iX7FEc886Q94688ZUT6","nickName":"宫鸿骞NC36","gender":"男","img":"","agentID":"000"},{"customerID":"8231924221cZvr24es3N7i067p332g","nickName":"权澎湃6B01","gender":"女","img":"","agentID":"000"},{"customerID":"rm01ld0f311YmrLaGT99yM606HXbc4","nickName":"弘瀚玥1X4x","gender":"女","img":"","agentID":"000"},{"customerID":"292Na3yq4957J82Uj87I1M6d2o7883","nickName":"高昆杰xXI4","gender":"男","img":"","agentID":"000"},{"customerID":"K02n274re87YO0V19338cut07x8PI3","nickName":"邰鸿宝0Z89","gender":"男","img":"","agentID":"000"},{"customerID":"hNd229m6eH2n26ftr9MiQ8hkZZH896","nickName":"冀曦之Au7C","gender":"女","img":"","agentID":"000"},{"customerID":"IZB4MwGVG0876k282gdc3k3X8837tz","nickName":"欧新曦h4l3","gender":"女","img":"","agentID":"000"},{"customerID":"42hxq503nFv8M7q2A579ydmtl1xE9f","nickName":"朱昌翰273K","gender":"女","img":"","agentID":"000"},{"customerID":"F5IM296Wg3cY5D460e43TelNvykKS6","nickName":"仰昌勋28nb","gender":"女","img":"","agentID":"000"},{"customerID":"4406E9h67833h2r1F6UYn4038Fbo4D","nickName":"狄昆卉a27g","gender":"男","img":"","agentID":"000"},{"customerID":"x0287855KN11r6g37xM3107GLx41mV","nickName":"裘智杰rkVo","gender":"女","img":"","agentID":"000"},{"customerID":"7H2O0548Fm8WY999J94OMTxA249lfA","nickName":"金昆琦9z42","gender":"女","img":"","agentID":"000"},{"customerID":"J7qu7z6X3xgOo2T33zQ5mtG931i10l","nickName":"能昊英5822","gender":"男","img":"","agentID":"000"},{"customerID":"zi00d55420wL04g78F36M9745302i6","nickName":"钱浩瀚Zneb","gender":"女","img":"","agentID":"000"},{"customerID":"Q8LV0u25Z5H6034e0l0t9i5R3oS929","nickName":"伏铭晨93Q2","gender":"男","img":"","agentID":"000"},{"customerID":"D299MzF789V1Li2T9Gf59QLZrlZ26d","nickName":"舒浩瀚6Bz4","gender":"女","img":"","agentID":"000"},{"customerID":"2jA5r103105HH4g7gW27lD1555eO5Y","nickName":"澹台吉星4k50","gender":"男","img":"","agentID":"000"},{"customerID":"2m8m0y4B17b6bL7xmYc270EbvF4K34","nickName":"钱越泽p2gx","gender":"男","img":"","agentID":"000"},{"customerID":"m8O7313pe38c4SkRT5krigI6y608CJ","nickName":"凌曦哲85oZ","gender":"男","img":"","agentID":"000"},{"customerID":"qoD4x0Sor9Z8l934flo761001wUz0X","nickName":"吴运凡53ew","gender":"女","img":"","agentID":"000"},{"customerID":"L75Dsj43293U545XTX923YVJ4lZ610","nickName":"终振荣3py2","gender":"女","img":"","agentID":"000"},{"customerID":"l25BuOk1dzJ5k400hZSWG89n97tw6e","nickName":"曾曦哲X5E5","gender":"女","img":"","agentID":"000"},{"customerID":"e542H8gx3FI6H285s4dLrc7V9e6l42","nickName":"双海昌sG01","gender":"女","img":"","agentID":"000"},{"customerID":"n15V8709kL2md62F7A5zGexg2XVVR7","nickName":"慎旭炎270p","gender":"女","img":"","agentID":"000"},{"customerID":"4s48nRjh096I0f9Pr22059LFK78864","nickName":"方晨朗8oM0","gender":"男","img":"","agentID":"000"}],"links":[{"customerID":"S5FJ817x2A079851uy0nGuzq4c38zU","forwardUserID":"L8u01916DU80NUSJRPiP115P1yD699","value":"5","datetime":"2019-10-08T07:34:05.891Z","pageURL":"","pageName":""},{"customerID":"144NW020T9596Zfi59u78D865p37St","forwardUserID":"42B6EGh5pso54S4uQjS4815Z42504A","value":"5","datetime":"2019-10-08T07:34:05.891Z","pageURL":"","pageName":""},{"customerID":"tdN16C6x8FszX59n96420GBp64c702","forwardUserID":"K02n274re87YO0V19338cut07x8PI3","value":"5","datetime":"2019-10-08T07:34:05.891Z","pageURL":"","pageName":""},{"customerID":"40f91T90eLiD1pFOdFkuo8zlhvz6E1","forwardUserID":"MJRU3PAS1iiX5AUsxb78u31lh30mGK","value":"5","datetime":"2019-10-08T07:34:05.891Z","pageURL":"","pageName":""},{"customerID":"rZa306Bt93Z605vP3cjPj289g9mSeX","forwardUserID":"63w77CUf2unN58s64z485Gcz2460Fa","value":"5","datetime":"2019-10-08T07:34:05.891Z","pageURL":"","pageName":""},{"customerID":"63w77CUf2unN58s64z485Gcz2460Fa","forwardUserID":"hNd229m6eH2n26ftr9MiQ8hkZZH896","value":"5","datetime":"2019-10-08T07:34:05.891Z","pageURL":"","pageName":""},{"customerID":"lK546k4syK8e91w066P94X7F14cN4k","forwardUserID":"4BZ15B5X05kBY1WQ8LF9tIz0Q4c0CD","value":"5","datetime":"2019-10-08T07:34:05.891Z","pageURL":"","pageName":""},{"customerID":"Zqj315AW0t0E77U8OGYoAZ5636zP09","forwardUserID":"UU9XNJ65K99Gi1WF0O6rMd4t8v7J35","value":"5","datetime":"2019-10-08T07:34:05.891Z","pageURL":"","pageName":""},{"customerID":"EG6Nq836Rfry12ST8b4EnfONf22o2v","forwardUserID":"2N626cXf8h4UHi649EPBC9Cdd9qV3z","value":"5","datetime":"2019-10-08T07:34:05.891Z","pageURL":"","pageName":""},{"customerID":"U743s86a3vRF48Gzy81DyNe8rb8Wd1","forwardUserID":"df70nga20Nx815qk6lcm6llnC85BYG","value":"5","datetime":"2019-10-08T07:34:05.891Z","pageURL":"","pageName":""},{"customerID":"MCGLA1eg234KC09hU7rU078ig9X9Y7","forwardUserID":"K02n274re87YO0V19338cut07x8PI3","value":"5","datetime":"2019-10-08T07:34:05.891Z","pageURL":"","pageName":""},{"customerID":"wOpr0q8547yxzAp467flNyX5p9M089","forwardUserID":"SLT98vkf5qT62x2D5L8aA04JS4x5jA","value":"5","datetime":"2019-10-08T07:34:05.891Z","pageURL":"","pageName":""},{"customerID":"4a9TFC1hjaY27hz8P2B7N553B8MCm5","forwardUserID":"23du194l5b0628Ay4x2EsJ733QMS7W","value":"5","datetime":"2019-10-08T07:34:05.891Z","pageURL":"","pageName":""},{"customerID":"93X7644z01Oa6mKf766V95H2420qIH","forwardUserID":"4698IEWqt5yS1vdj38ah759wD5Oxz0","value":"5","datetime":"2019-10-08T07:34:05.891Z","pageURL":"","pageName":""},{"customerID":"Y17QV76812D99808z5RW46JYCN4s9h","forwardUserID":"hplRw0xEv1064N3EydpvaS9unf84PZ","value":"5","datetime":"2019-10-08T07:34:05.891Z","pageURL":"","pageName":""},{"customerID":"60060rw69e1p8p34GTod81J867h201","forwardUserID":"93X7644z01Oa6mKf766V95H2420qIH","value":"5","datetime":"2019-10-08T07:34:05.891Z","pageURL":"","pageName":""},{"customerID":"2u403eQl3Oq8903379oA8W1c9Hfo99","forwardUserID":"97r5wf99VMC6280Cn951aiuX81POK7","value":"5","datetime":"2019-10-08T07:34:05.891Z","pageURL":"","pageName":""},{"customerID":"7uEHE45l197v3d23ni6E152757v50o","forwardUserID":"D8N2YhxoWc7O8XzOQ5ps8l2G9DS168","value":"5","datetime":"2019-10-08T07:34:05.891Z","pageURL":"","pageName":""},{"customerID":"805300qk1Av2G7T1b0F565RqTL6984","forwardUserID":"A7w939P5116qucOhDXFJ7526ByIaEG","value":"5","datetime":"2019-10-08T07:34:05.891Z","pageURL":"","pageName":""},{"customerID":"vWTWu450l88ZAW3Kp34JsrZhrNL7uz","forwardUserID":"U743s86a3vRF48Gzy81DyNe8rb8Wd1","value":"5","datetime":"2019-10-08T07:34:05.891Z","pageURL":"","pageName":""},{"customerID":"qmMz346034W43j4C3eo5g238s9hov4","forwardUserID":"97r5wf99VMC6280Cn951aiuX81POK7","value":"5","datetime":"2019-10-08T07:34:05.891Z","pageURL":"","pageName":""},{"customerID":"No7907Xy3w573C9UpS37bdnXE02qZA","forwardUserID":"2Y7PSs56y39126ACZ6l6NwaV4aR3Vg","value":"5","datetime":"2019-10-08T07:34:05.891Z","pageURL":"","pageName":""},{"customerID":"U613SG5U55fl0I00602899519v2587","forwardUserID":"qYT80586J7850ka78762lufK49nt4h","value":"5","datetime":"2019-10-08T07:34:05.891Z","pageURL":"","pageName":""},{"customerID":"80a1t3mNi813826978PTAu9VO24TVO","forwardUserID":"89qn2Hd85F8kO4H2xPQJh86H77m238","value":"5","datetime":"2019-10-08T07:34:05.891Z","pageURL":"","pageName":""},{"customerID":"k3Veld97e271g1D7Q5w3j5Y363Bt50","forwardUserID":"L75Dsj43293U545XTX923YVJ4lZ610","value":"5","datetime":"2019-10-08T07:34:05.891Z","pageURL":"","pageName":""},{"customerID":"siuN1Vr132R6ik48llS7EV7go75cD1","forwardUserID":"63w77CUf2unN58s64z485Gcz2460Fa","value":"5","datetime":"2019-10-08T07:34:05.891Z","pageURL":"","pageName":""},{"customerID":"kcHX9Y20Mob3400y1LELvb21r41597","forwardUserID":"zJ30S1zq2N5La1i9Ot199Q7206QU27","value":"5","datetime":"2019-10-08T07:34:05.891Z","pageURL":"","pageName":""},{"customerID":"7t5k1KUk8Fl8ZV40eF8dhiCW3KCc9o","forwardUserID":"Z594L2j56HD33kmf1xWmV87dUm6612","value":"5","datetime":"2019-10-08T07:34:05.891Z","pageURL":"","pageName":""},{"customerID":"5U2Z4qPiumrtT11isx5K59Qb671jJ1","forwardUserID":"K02n274re87YO0V19338cut07x8PI3","value":"5","datetime":"2019-10-08T07:34:05.891Z","pageURL":"","pageName":""},{"customerID":"6nq54V95g0jtn94c42207Ex7nzhsG5","forwardUserID":"256clM68qP5462c9364J0236C9ICQK","value":"5","datetime":"2019-10-08T07:34:05.891Z","pageURL":"","pageName":""},{"customerID":"M9cZ281czm0A4Y19Sz3i5Uu3zL0su4","forwardUserID":"k3Veld97e271g1D7Q5w3j5Y363Bt50","value":"5","datetime":"2019-10-08T07:34:05.891Z","pageURL":"","pageName":""},{"customerID":"C0gC23U75u6Qc5q5rt3f9df35C6yXb","forwardUserID":"UU9XNJ65K99Gi1WF0O6rMd4t8v7J35","value":"5","datetime":"2019-10-08T07:34:05.891Z","pageURL":"","pageName":""},{"customerID":"2mB3y68304U399v2v57aw9797679NG","forwardUserID":"413na2606CSK7084lUE235801YKcpy","value":"5","datetime":"2019-10-08T07:34:05.891Z","pageURL":"","pageName":""},{"customerID":"yhL63833f08MzBC71Q79jg48SJuC7q","forwardUserID":"2K2812fs5Tr500134718A3NOrVqY6N","value":"5","datetime":"2019-10-08T07:34:05.891Z","pageURL":"","pageName":""},{"customerID":"89qn2Hd85F8kO4H2xPQJh86H77m238","forwardUserID":"wOpr0q8547yxzAp467flNyX5p9M089","value":"5","datetime":"2019-10-08T07:34:05.891Z","pageURL":"","pageName":""},{"customerID":"n5NY5HM72812443b8qMXT50rTz4440","forwardUserID":"No7907Xy3w573C9UpS37bdnXE02qZA","value":"5","datetime":"2019-10-08T07:34:05.891Z","pageURL":"","pageName":""},{"customerID":"23du194l5b0628Ay4x2EsJ733QMS7W","forwardUserID":"N50g4vmwhSBjx29NI7Q84c65189016","value":"5","datetime":"2019-10-08T07:34:05.891Z","pageURL":"","pageName":""},{"customerID":"UR876r41VP8WzX1LWI05GA0mnh4J52","forwardUserID":"siuN1Vr132R6ik48llS7EV7go75cD1","value":"5","datetime":"2019-10-08T07:34:05.891Z","pageURL":"","pageName":""},{"customerID":"2ojupLM508k557Xsu1NZcOD1JA0azF","forwardUserID":"MJRU3PAS1iiX5AUsxb78u31lh30mGK","value":"5","datetime":"2019-10-08T07:34:05.891Z","pageURL":"","pageName":""},{"customerID":"e62j10Qt83Y1l8L1jk66604x0U669d","forwardUserID":"89qn2Hd85F8kO4H2xPQJh86H77m238","value":"5","datetime":"2019-10-08T07:34:05.891Z","pageURL":"","pageName":""},{"customerID":"46UKIIGmR5aBap221v16z2n1m28plP","forwardUserID":"h9ff39R9FN71i6Gm11r1hRh46WKS5a","value":"5","datetime":"2019-10-08T07:34:05.891Z","pageURL":"","pageName":""},{"customerID":"15fV4SQ28x0844sgu99159J2Y3in93","forwardUserID":"lK546k4syK8e91w066P94X7F14cN4k","value":"5","datetime":"2019-10-08T07:34:05.891Z","pageURL":"","pageName":""},{"customerID":"THKp7KGY9R09bh31x8777bz9F17Kda","forwardUserID":"C0gC23U75u6Qc5q5rt3f9df35C6yXb","value":"5","datetime":"2019-10-08T07:34:05.891Z","pageURL":"","pageName":""},{"customerID":"97r5wf99VMC6280Cn951aiuX81POK7","forwardUserID":"y74639W46t2952143n5RC6fNo9494K","value":"5","datetime":"2019-10-08T07:34:05.891Z","pageURL":"","pageName":""},{"customerID":"87L30k13k9YZh4l40T1Qf55Fjn1155","forwardUserID":"o1rQk9vV6D42MV1h4Cac56z3jTrV02","value":"5","datetime":"2019-10-08T07:34:05.891Z","pageURL":"","pageName":""},{"customerID":"ow6al2259oP373Sg8405Soje7J2WH9","forwardUserID":"94FU627X32c13ODJ3i8hX3V2891zb3","value":"5","datetime":"2019-10-08T07:34:05.891Z","pageURL":"","pageName":""},{"customerID":"D8N2YhxoWc7O8XzOQ5ps8l2G9DS168","forwardUserID":"4a2Ni4U9pbgQd0a11960VVZYq859yl","value":"5","datetime":"2019-10-08T07:34:05.891Z","pageURL":"","pageName":""},{"customerID":"noa2xi05784v695zk1MN75r05YKdb1","forwardUserID":"2bF12W1B751jK37kyeAkPI8130109i","value":"5","datetime":"2019-10-08T07:34:05.891Z","pageURL":"","pageName":""},{"customerID":"r3mnu35g7Pd2K0i190od90N9L11623","forwardUserID":"2mB3y68304U399v2v57aw9797679NG","value":"5","datetime":"2019-10-08T07:34:05.891Z","pageURL":"","pageName":""},{"customerID":"1gR1J7Q5mrGgLl176EoYk10r3G02lI","forwardUserID":"L75Dsj43293U545XTX923YVJ4lZ610","value":"5","datetime":"2019-10-08T07:34:05.891Z","pageURL":"","pageName":""},{"customerID":"8b592jgD0TO888541n9a114e80Sd24","forwardUserID":"ow6al2259oP373Sg8405Soje7J2WH9","value":"5","datetime":"2019-10-08T07:34:05.891Z","pageURL":"","pageName":""},{"customerID":"d27gM70fu142S7BK90w429707E9YUw","forwardUserID":"6nq54V95g0jtn94c42207Ex7nzhsG5","value":"5","datetime":"2019-10-08T07:34:05.891Z","pageURL":"","pageName":""},{"customerID":"C23098R96Qj1W43651n5YQ4ip11C7M","forwardUserID":"yGPxFx62L40470gaeBCt2Ef4m41989","value":"5","datetime":"2019-10-08T07:34:05.891Z","pageURL":"","pageName":""},{"customerID":"f4Zu5O070Aygw63fjf32m8ZoEz960r","forwardUserID":"d27gM70fu142S7BK90w429707E9YUw","value":"5","datetime":"2019-10-08T07:34:05.891Z","pageURL":"","pageName":""},{"customerID":"SLT98vkf5qT62x2D5L8aA04JS4x5jA","forwardUserID":"2jA5r103105HH4g7gW27lD1555eO5Y","value":"5","datetime":"2019-10-08T07:34:05.891Z","pageURL":"","pageName":""},{"customerID":"yGPxFx62L40470gaeBCt2Ef4m41989","forwardUserID":"7G6A91vL4K39no198150qUWv868685","value":"5","datetime":"2019-10-08T07:34:05.891Z","pageURL":"","pageName":""},{"customerID":"12M35Eu39959yxz837bD12G69436o9","forwardUserID":"YMQN74usmw5iX7FEc886Q94688ZUT6","value":"5","datetime":"2019-10-08T07:34:05.891Z","pageURL":"","pageName":""},{"customerID":"649l6Dn3M9lk0GYxD3Lb5091V8tY8P","forwardUserID":"Y1a26gu54fB11X6y3846587a5f3p24","value":"5","datetime":"2019-10-08T07:34:05.891Z","pageURL":"","pageName":""},{"customerID":"1d9P6kp354to0i0gE7P3388055uy6m","forwardUserID":"413na2606CSK7084lUE235801YKcpy","value":"5","datetime":"2019-10-08T07:34:05.891Z","pageURL":"","pageName":""},{"customerID":"42B6EGh5pso54S4uQjS4815Z42504A","forwardUserID":"9v83296KRT9dIK44w592qn73gvuIDh","value":"5","datetime":"2019-10-08T07:34:05.891Z","pageURL":"","pageName":""},{"customerID":"U68d6O41IhA7z0047Zwx5E2wVq1i64","forwardUserID":"YMQN74usmw5iX7FEc886Q94688ZUT6","value":"5","datetime":"2019-10-08T07:34:05.891Z","pageURL":"","pageName":""},{"customerID":"cg071q1s22L85Qn4O14Ad3P74056Xt","forwardUserID":"h9ff39R9FN71i6Gm11r1hRh46WKS5a","value":"5","datetime":"2019-10-08T07:34:05.891Z","pageURL":"","pageName":""},{"customerID":"799831niyF62tE6fKimISL45R5Ej8p","forwardUserID":"L75Dsj43293U545XTX923YVJ4lZ610","value":"5","datetime":"2019-10-08T07:34:05.891Z","pageURL":"","pageName":""},{"customerID":"39e453guW0eG10wd34ZbBb9Pk80y5v","forwardUserID":"m8O7313pe38c4SkRT5krigI6y608CJ","value":"5","datetime":"2019-10-08T07:34:05.891Z","pageURL":"","pageName":""},{"customerID":"0BE91L9GCk6nW186W396IjYg5U0V32","forwardUserID":"yhL63833f08MzBC71Q79jg48SJuC7q","value":"5","datetime":"2019-10-08T07:34:05.891Z","pageURL":"","pageName":""},{"customerID":"vsbd6W6S53gg9G7913sT00b18Cbd63","forwardUserID":"7uEHE45l197v3d23ni6E152757v50o","value":"5","datetime":"2019-10-08T07:34:05.891Z","pageURL":"","pageName":""},{"customerID":"h9ff39R9FN71i6Gm11r1hRh46WKS5a","forwardUserID":"C0gC23U75u6Qc5q5rt3f9df35C6yXb","value":"5","datetime":"2019-10-08T07:34:05.891Z","pageURL":"","pageName":""},{"customerID":"zJ30S1zq2N5La1i9Ot199Q7206QU27","forwardUserID":"42B6EGh5pso54S4uQjS4815Z42504A","value":"5","datetime":"2019-10-08T07:34:05.891Z","pageURL":"","pageName":""},{"customerID":"JYoy30Gq490gx1EW91K9282cr78tG1","forwardUserID":"iJoC2xKb5U77t01trqWr0788275p9i","value":"5","datetime":"2019-10-08T07:34:05.891Z","pageURL":"","pageName":""},{"customerID":"Pt37aQ972I146kbZ2J39QTvP6rrKh9","forwardUserID":"J7qu7z6X3xgOo2T33zQ5mtG931i10l","value":"5","datetime":"2019-10-08T07:34:05.891Z","pageURL":"","pageName":""},{"customerID":"6e08U5puGkdR1s1nw784R12D4CJ74s","forwardUserID":"n8U6c5SIw6G30f9ig6V37S0j05b7d0","value":"5","datetime":"2019-10-08T07:34:05.891Z","pageURL":"","pageName":""},{"customerID":"xD60kKSPCFU0SG680KqY81Wslr13lN","forwardUserID":"80ww549w80dn81e1s2IxbKlm7z04j6","value":"5","datetime":"2019-10-08T07:34:05.891Z","pageURL":"","pageName":""},{"customerID":"717e9Dp2sUxTo6b6yB8V5ygJbt7g06","forwardUserID":"6nq54V95g0jtn94c42207Ex7nzhsG5","value":"5","datetime":"2019-10-08T07:34:05.891Z","pageURL":"","pageName":""},{"customerID":"566Gq20kH8r719O6N1Sn4B563J1i3N","forwardUserID":"lK546k4syK8e91w066P94X7F14cN4k","value":"5","datetime":"2019-10-08T07:34:05.891Z","pageURL":"","pageName":""},{"customerID":"3d7Rk47euXUS8S07NX1930s9a2Z08C","forwardUserID":"A7w939P5116qucOhDXFJ7526ByIaEG","value":"5","datetime":"2019-10-08T07:34:05.891Z","pageURL":"","pageName":""},{"customerID":"iJoC2xKb5U77t01trqWr0788275p9i","forwardUserID":"C4h77D80muor3Q2Y7w5M12ArBgV1bP","value":"5","datetime":"2019-10-08T07:34:05.891Z","pageURL":"","pageName":""},{"customerID":"qYT80586J7850ka78762lufK49nt4h","forwardUserID":"89qn2Hd85F8kO4H2xPQJh86H77m238","value":"5","datetime":"2019-10-08T07:34:05.891Z","pageURL":"","pageName":""},{"customerID":"sg22ZP7I442j7M261o90J0gnER8gzN","forwardUserID":"Q8LV0u25Z5H6034e0l0t9i5R3oS929","value":"5","datetime":"2019-10-08T07:34:05.891Z","pageURL":"","pageName":""},{"customerID":"h77Ww52m71M9ov34hkj463oJz8mUUU","forwardUserID":"42R8k834J921m1Fl4H0i7752182E83","value":"5","datetime":"2019-10-08T07:34:05.891Z","pageURL":"","pageName":""},{"customerID":"N7d8j83N1g7On63L28G4349sWGOC66","forwardUserID":"D8N2YhxoWc7O8XzOQ5ps8l2G9DS168","value":"5","datetime":"2019-10-08T07:34:05.891Z","pageURL":"","pageName":""},{"customerID":"55JPfy4qbnUFx4GRPn896aRMAm729K","forwardUserID":"11t94Q333pCr4Ls08044mo7EmL094O","value":"5","datetime":"2019-10-08T07:34:05.891Z","pageURL":"","pageName":""},{"customerID":"YO6a6e8UG517Il8L3649308376y050","forwardUserID":"zJ30S1zq2N5La1i9Ot199Q7206QU27","value":"5","datetime":"2019-10-08T07:34:05.891Z","pageURL":"","pageName":""},{"customerID":"C185u3F4b080Pg608u6H83850Xy57d","forwardUserID":"hplRw0xEv1064N3EydpvaS9unf84PZ","value":"5","datetime":"2019-10-08T07:34:05.891Z","pageURL":"","pageName":""},{"customerID":"Rt9J3QP0a2l37jbs1V1PWN06c665w7","forwardUserID":"3d7Rk47euXUS8S07NX1930s9a2Z08C","value":"5","datetime":"2019-10-08T07:34:05.891Z","pageURL":"","pageName":""},{"customerID":"3v523660izVV0880354I7d6sQ54MdC","forwardUserID":"42hxq503nFv8M7q2A579ydmtl1xE9f","value":"5","datetime":"2019-10-08T07:34:05.891Z","pageURL":"","pageName":""},{"customerID":"80ww549w80dn81e1s2IxbKlm7z04j6","forwardUserID":"7G6A91vL4K39no198150qUWv868685","value":"5","datetime":"2019-10-08T07:34:05.891Z","pageURL":"","pageName":""},{"customerID":"6X9xl9a1JQR5qrXZ209so1KZ3N2e26","forwardUserID":"EHy5HuWrx95051vT1TnS046408cfd2","value":"5","datetime":"2019-10-08T07:34:05.891Z","pageURL":"","pageName":""},{"customerID":"Bf3D7377IOldlJ92W6s49O7j0eIxX1","forwardUserID":"4nHO70VE9620ACsJ47ZMtZh14w6V75","value":"5","datetime":"2019-10-08T07:34:05.891Z","pageURL":"","pageName":""},{"customerID":"hplRw0xEv1064N3EydpvaS9unf84PZ","forwardUserID":"2jA5r103105HH4g7gW27lD1555eO5Y","value":"5","datetime":"2019-10-08T07:34:05.891Z","pageURL":"","pageName":""},{"customerID":"2mu10632Ff4u7Y70V9iAOOQk7UYsp9","forwardUserID":"m8O7313pe38c4SkRT5krigI6y608CJ","value":"5","datetime":"2019-10-08T07:34:05.891Z","pageURL":"","pageName":""},{"customerID":"UU9XNJ65K99Gi1WF0O6rMd4t8v7J35","forwardUserID":"d27gM70fu142S7BK90w429707E9YUw","value":"5","datetime":"2019-10-08T07:34:05.891Z","pageURL":"","pageName":""},{"customerID":"5bC55aLw1y42St242r4VJ9xlV1mvEP","forwardUserID":"R830507f7BE2G70Z42klYw8IJ0288c","value":"5","datetime":"2019-10-08T07:34:05.891Z","pageURL":"","pageName":""},{"customerID":"37Ns22DA1415ALI2L9233W3Ab0421p","forwardUserID":"noa2xi05784v695zk1MN75r05YKdb1","value":"5","datetime":"2019-10-08T07:34:05.891Z","pageURL":"","pageName":""},{"customerID":"Z9rr254F393p4475Ig6109MoKtNl2N","forwardUserID":"55JPfy4qbnUFx4GRPn896aRMAm729K","value":"5","datetime":"2019-10-08T07:34:05.891Z","pageURL":"","pageName":""},{"customerID":"876KrGA4w3u0u136HJ7b2F1u5fs2pv","forwardUserID":"4s48nRjh096I0f9Pr22059LFK78864","value":"5","datetime":"2019-10-08T07:34:05.891Z","pageURL":"","pageName":""},{"customerID":"Uz52Db8u9C4454s2283SLY60R2V658","forwardUserID":"39e453guW0eG10wd34ZbBb9Pk80y5v","value":"5","datetime":"2019-10-08T07:34:05.891Z","pageURL":"","pageName":""},{"customerID":"w45FYzLdLdnGR8sy3L2r0P5GX4Rd42","forwardUserID":"Z9rr254F393p4475Ig6109MoKtNl2N","value":"5","datetime":"2019-10-08T07:34:05.891Z","pageURL":"","pageName":""},{"customerID":"9T8h5WRG2KFP42drZ1767AP2c9u87o","forwardUserID":"U613SG5U55fl0I00602899519v2587","value":"5","datetime":"2019-10-08T07:34:05.891Z","pageURL":"","pageName":""},{"customerID":"XBPV804C6825E41uURF0ltF3RX196c","forwardUserID":"E33YxTKD0a16y98Sb38e84U086307Q","value":"5","datetime":"2019-10-08T07:34:05.891Z","pageURL":"","pageName":""},{"customerID":"549r477j6i5bRH7Smy238cl7212bTP","forwardUserID":"rZa306Bt93Z605vP3cjPj289g9mSeX","value":"5","datetime":"2019-10-08T07:34:05.891Z","pageURL":"","pageName":""},{"customerID":"dp4G22G285NQc72zQxETl3q0116cY9","forwardUserID":"C4h77D80muor3Q2Y7w5M12ArBgV1bP","value":"5","datetime":"2019-10-08T07:34:05.891Z","pageURL":"","pageName":""},{"customerID":"N5787Uy2QLrGR22d0y8r2rL6cID5Cg","forwardUserID":"0BE91L9GCk6nW186W396IjYg5U0V32","value":"5","datetime":"2019-10-08T07:34:05.891Z","pageURL":"","pageName":""},{"customerID":"VH62GER6up39BO92W9Nr0S1CLY8n69","forwardUserID":"80a1t3mNi813826978PTAu9VO24TVO","value":"5","datetime":"2019-10-08T07:34:05.891Z","pageURL":"","pageName":""},{"customerID":"0gkW8t147HEC15182ay27TB6440aQo","forwardUserID":"4BZ15B5X05kBY1WQ8LF9tIz0Q4c0CD","value":"5","datetime":"2019-10-08T07:34:05.891Z","pageURL":"","pageName":""},{"customerID":"4d60u83Jm0d8882yHo8HeRJvP53cB1","forwardUserID":"7G6A91vL4K39no198150qUWv868685","value":"5","datetime":"2019-10-08T07:34:05.891Z","pageURL":"","pageName":""},{"customerID":"nKZE31oe00Wb2ula6fh0A184W10z6V","forwardUserID":"Z9rr254F393p4475Ig6109MoKtNl2N","value":"5","datetime":"2019-10-08T07:34:05.891Z","pageURL":"","pageName":""},{"customerID":"2bF12W1B751jK37kyeAkPI8130109i","forwardUserID":"7t5k1KUk8Fl8ZV40eF8dhiCW3KCc9o","value":"5","datetime":"2019-10-08T07:34:05.891Z","pageURL":"","pageName":""},{"customerID":"413na2606CSK7084lUE235801YKcpy","forwardUserID":"Q73bR6WB2BX25Qt5afyMHM0490qa0v","value":"5","datetime":"2019-10-08T07:34:05.891Z","pageURL":"","pageName":""},{"customerID":"Up7Py6zl4R0053Bsk8Ws887721fW93","forwardUserID":"UU9XNJ65K99Gi1WF0O6rMd4t8v7J35","value":"5","datetime":"2019-10-08T07:34:05.891Z","pageURL":"","pageName":""},{"customerID":"c6K6QxP387757bN63VC72V261X40V4","forwardUserID":"2Y7PSs56y39126ACZ6l6NwaV4aR3Vg","value":"5","datetime":"2019-10-08T07:34:05.891Z","pageURL":"","pageName":""},{"customerID":"BoO3N9n1Dm78OzAh9Xma49F6X8297S","forwardUserID":"k3Veld97e271g1D7Q5w3j5Y363Bt50","value":"5","datetime":"2019-10-08T07:34:05.891Z","pageURL":"","pageName":""},{"customerID":"KS0276gQh7BQ4i0Oe6FqNs521Y7V4C","forwardUserID":"649l6Dn3M9lk0GYxD3Lb5091V8tY8P","value":"5","datetime":"2019-10-08T07:34:05.891Z","pageURL":"","pageName":""},{"customerID":"42R8k834J921m1Fl4H0i7752182E83","forwardUserID":"4a2Ni4U9pbgQd0a11960VVZYq859yl","value":"5","datetime":"2019-10-08T07:34:05.891Z","pageURL":"","pageName":""},{"customerID":"dg8350g1z11lF7XI627SRw44gUh98e","forwardUserID":"tdN16C6x8FszX59n96420GBp64c702","value":"5","datetime":"2019-10-08T07:34:05.891Z","pageURL":"","pageName":""},{"customerID":"E8bJOKcL8SsP96U2Mj4T60l4gq08KQ","forwardUserID":"noa2xi05784v695zk1MN75r05YKdb1","value":"5","datetime":"2019-10-08T07:34:05.891Z","pageURL":"","pageName":""},{"customerID":"p1YXz6L756zx6tY0958r7jNrJad5M4","forwardUserID":"8231924221cZvr24es3N7i067p332g","value":"5","datetime":"2019-10-08T07:34:05.891Z","pageURL":"","pageName":""},{"customerID":"n4Lqq1vzN72O8T99A30L3oNi0vp6F0","forwardUserID":"9r2MV58f3tPr4N26B41y36Q7g2egl1","value":"5","datetime":"2019-10-08T07:34:05.891Z","pageURL":"","pageName":""},{"customerID":"p5370jikr1Kb0Xqke92e906gtYA921","forwardUserID":"8b592jgD0TO888541n9a114e80Sd24","value":"5","datetime":"2019-10-08T07:34:05.891Z","pageURL":"","pageName":""},{"customerID":"A7w939P5116qucOhDXFJ7526ByIaEG","forwardUserID":"Y1a26gu54fB11X6y3846587a5f3p24","value":"5","datetime":"2019-10-08T07:34:05.891Z","pageURL":"","pageName":""},{"customerID":"vi6Rqrx2o6sPzx765Wo02075Z3f12Y","forwardUserID":"S5FJ817x2A079851uy0nGuzq4c38zU","value":"5","datetime":"2019-10-08T07:34:05.891Z","pageURL":"","pageName":""},{"customerID":"FGFMcd7s2Q3G72dam074zzr5O7d8W8","forwardUserID":"xD60kKSPCFU0SG680KqY81Wslr13lN","value":"5","datetime":"2019-10-08T07:34:05.891Z","pageURL":"","pageName":""},{"customerID":"I7O95j545z454e1kK2Ukf687Jn59kY","forwardUserID":"XBPV804C6825E41uURF0ltF3RX196c","value":"5","datetime":"2019-10-08T07:34:05.891Z","pageURL":"","pageName":""},{"customerID":"BmG764fy5709frHd7TkFo040HX46w9","forwardUserID":"2bF12W1B751jK37kyeAkPI8130109i","value":"5","datetime":"2019-10-08T07:34:05.891Z","pageURL":"","pageName":""},{"customerID":"L8u01916DU80NUSJRPiP115P1yD699","forwardUserID":"1d9P6kp354to0i0gE7P3388055uy6m","value":"5","datetime":"2019-10-08T07:34:05.891Z","pageURL":"","pageName":""},{"customerID":"j27l08caliqY97Einr6Gg918sd68wm","forwardUserID":"Z9rr254F393p4475Ig6109MoKtNl2N","value":"5","datetime":"2019-10-08T07:34:05.891Z","pageURL":"","pageName":""},{"customerID":"94FU627X32c13ODJ3i8hX3V2891zb3","forwardUserID":"Pt37aQ972I146kbZ2J39QTvP6rrKh9","value":"5","datetime":"2019-10-08T07:34:05.891Z","pageURL":"","pageName":""},{"customerID":"95lwm60C1Y1Ft7d6Vc26Q441s9HkkO","forwardUserID":"12M35Eu39959yxz837bD12G69436o9","value":"5","datetime":"2019-10-08T07:34:05.891Z","pageURL":"","pageName":""},{"customerID":"2Y7PSs56y39126ACZ6l6NwaV4aR3Vg","forwardUserID":"l9cw1KN5iQ92C448A9Yrz112yy5nt5","value":"5","datetime":"2019-10-08T07:34:05.891Z","pageURL":"","pageName":""},{"customerID":"76x2jov3wb4aoJxSd7186L024r2i9u","forwardUserID":"2tY54XkTo5F4Kf5MR9vN9229Po7F55","value":"5","datetime":"2019-10-08T07:34:05.891Z","pageURL":"","pageName":""},{"customerID":"256clM68qP5462c9364J0236C9ICQK","forwardUserID":"oi4k2kYpUG86744856UNLXcAEE5356","value":"5","datetime":"2019-10-08T07:34:05.891Z","pageURL":"","pageName":""},{"customerID":"DW7851eus689w5M5d91c4wG5DDY68o","forwardUserID":"H97K052tR95iyjG1T43Xw0547xaY1U","value":"5","datetime":"2019-10-08T07:34:05.891Z","pageURL":"","pageName":""},{"customerID":"97bR9117kXg4a6D90Pfpl8KG9v32Ka","forwardUserID":"zJ30S1zq2N5La1i9Ot199Q7206QU27","value":"5","datetime":"2019-10-08T07:34:05.891Z","pageURL":"","pageName":""},{"customerID":"RRm73l55Uw2H850XRA7qpYv5R1c931","forwardUserID":"g7NDif60sZec0d531YCYKiJNP6Ipq2","value":"5","datetime":"2019-10-08T07:34:05.891Z","pageURL":"","pageName":""},{"customerID":"N08D6KcPbDMTM9EOugR14Rr2Y4wyY8","forwardUserID":"37Ns22DA1415ALI2L9233W3Ab0421p","value":"5","datetime":"2019-10-08T07:34:05.891Z","pageURL":"","pageName":""},{"customerID":"2N626cXf8h4UHi649EPBC9Cdd9qV3z","forwardUserID":"7t5k1KUk8Fl8ZV40eF8dhiCW3KCc9o","value":"5","datetime":"2019-10-08T07:34:05.891Z","pageURL":"","pageName":""},{"customerID":"1VzjVT2d41z4A0HoZ9vPp2403857Tz","forwardUserID":"h77Ww52m71M9ov34hkj463oJz8mUUU","value":"5","datetime":"2019-10-08T07:34:05.891Z","pageURL":"","pageName":""},{"customerID":"663H6T1e7L7730C8Oz7Th5BDy32n89","forwardUserID":"KS0276gQh7BQ4i0Oe6FqNs521Y7V4C","value":"5","datetime":"2019-10-08T07:34:05.891Z","pageURL":"","pageName":""},{"customerID":"Ydb83zbcK6KWieIB3sH14e9p18OCN8","forwardUserID":"yGPxFx62L40470gaeBCt2Ef4m41989","value":"5","datetime":"2019-10-08T07:34:05.891Z","pageURL":"","pageName":""},{"customerID":"Z594L2j56HD33kmf1xWmV87dUm6612","forwardUserID":"MJRU3PAS1iiX5AUsxb78u31lh30mGK","value":"5","datetime":"2019-10-08T07:34:05.891Z","pageURL":"","pageName":""},{"customerID":"oi4k2kYpUG86744856UNLXcAEE5356","forwardUserID":"hNd229m6eH2n26ftr9MiQ8hkZZH896","value":"5","datetime":"2019-10-08T07:34:05.891Z","pageURL":"","pageName":""},{"customerID":"7oZ1Y42dn4K03419FH2Ee988cUK667","forwardUserID":"46UKIIGmR5aBap221v16z2n1m28plP","value":"5","datetime":"2019-10-08T07:34:05.891Z","pageURL":"","pageName":""},{"customerID":"g7NDif60sZec0d531YCYKiJNP6Ipq2","forwardUserID":"7H2O0548Fm8WY999J94OMTxA249lfA","value":"5","datetime":"2019-10-08T07:34:05.891Z","pageURL":"","pageName":""},{"customerID":"l9cw1KN5iQ92C448A9Yrz112yy5nt5","forwardUserID":"iJoC2xKb5U77t01trqWr0788275p9i","value":"5","datetime":"2019-10-08T07:34:05.891Z","pageURL":"","pageName":""},{"customerID":"9v83296KRT9dIK44w592qn73gvuIDh","forwardUserID":"M9cZ281czm0A4Y19Sz3i5Uu3zL0su4","value":"5","datetime":"2019-10-08T07:34:05.891Z","pageURL":"","pageName":""},{"customerID":"R830507f7BE2G70Z42klYw8IJ0288c","forwardUserID":"7G6A91vL4K39no198150qUWv868685","value":"5","datetime":"2019-10-08T07:34:05.891Z","pageURL":"","pageName":""},{"customerID":"EHy5HuWrx95051vT1TnS046408cfd2","forwardUserID":"3d7Rk47euXUS8S07NX1930s9a2Z08C","value":"5","datetime":"2019-10-08T07:34:05.891Z","pageURL":"","pageName":""},{"customerID":"Y1a26gu54fB11X6y3846587a5f3p24","forwardUserID":"12M35Eu39959yxz837bD12G69436o9","value":"5","datetime":"2019-10-08T07:34:05.891Z","pageURL":"","pageName":""},{"customerID":"4a2Ni4U9pbgQd0a11960VVZYq859yl","forwardUserID":"89qn2Hd85F8kO4H2xPQJh86H77m238","value":"5","datetime":"2019-10-08T07:34:05.891Z","pageURL":"","pageName":""},{"customerID":"kF7Kl3VadF4R17I8T4674xuT8K89rq","forwardUserID":"805300qk1Av2G7T1b0F565RqTL6984","value":"5","datetime":"2019-10-08T07:34:05.891Z","pageURL":"","pageName":""},{"customerID":"121B9Gi72X083drd4dd77ii7DB1593","forwardUserID":"87L30k13k9YZh4l40T1Qf55Fjn1155","value":"5","datetime":"2019-10-08T07:34:05.891Z","pageURL":"","pageName":""},{"customerID":"11t94Q333pCr4Ls08044mo7EmL094O","forwardUserID":"n4Lqq1vzN72O8T99A30L3oNi0vp6F0","value":"5","datetime":"2019-10-08T07:34:05.891Z","pageURL":"","pageName":""},{"customerID":"2K2812fs5Tr500134718A3NOrVqY6N","forwardUserID":"4BZ15B5X05kBY1WQ8LF9tIz0Q4c0CD","value":"5","datetime":"2019-10-08T07:34:05.891Z","pageURL":"","pageName":""},{"customerID":"N50g4vmwhSBjx29NI7Q84c65189016","forwardUserID":"63w77CUf2unN58s64z485Gcz2460Fa","value":"5","datetime":"2019-10-08T07:34:05.891Z","pageURL":"","pageName":""},{"customerID":"6f3414a20ypS0xadV5CAHc1bHC3811","forwardUserID":"40f91T90eLiD1pFOdFkuo8zlhvz6E1","value":"5","datetime":"2019-10-08T07:34:05.891Z","pageURL":"","pageName":""},{"customerID":"j4PF08JExez6562OTC3l18B8697n7l","forwardUserID":"cg071q1s22L85Qn4O14Ad3P74056Xt","value":"5","datetime":"2019-10-08T07:34:05.891Z","pageURL":"","pageName":""},{"customerID":"4BZ15B5X05kBY1WQ8LF9tIz0Q4c0CD","forwardUserID":"THKp7KGY9R09bh31x8777bz9F17Kda","value":"5","datetime":"2019-10-08T07:34:05.891Z","pageURL":"","pageName":""},{"customerID":"0gFT6LSn0BEI2Rd723T7E6mZ13CAKn","forwardUserID":"p5370jikr1Kb0Xqke92e906gtYA921","value":"5","datetime":"2019-10-08T07:34:05.891Z","pageURL":"","pageName":""},{"customerID":"C10pK2986Bsw1S2DdOv5lWrLP7x77w","forwardUserID":"Z594L2j56HD33kmf1xWmV87dUm6612","value":"5","datetime":"2019-10-08T07:34:05.891Z","pageURL":"","pageName":""},{"customerID":"H97K052tR95iyjG1T43Xw0547xaY1U","forwardUserID":"799831niyF62tE6fKimISL45R5Ej8p","value":"5","datetime":"2019-10-08T07:34:05.891Z","pageURL":"","pageName":""},{"customerID":"4698IEWqt5yS1vdj38ah759wD5Oxz0","forwardUserID":"L75Dsj43293U545XTX923YVJ4lZ610","value":"5","datetime":"2019-10-08T07:34:05.891Z","pageURL":"","pageName":""},{"customerID":"2tY54XkTo5F4Kf5MR9vN9229Po7F55","forwardUserID":"97bR9117kXg4a6D90Pfpl8KG9v32Ka","value":"5","datetime":"2019-10-08T07:34:05.891Z","pageURL":"","pageName":""},{"customerID":"j18jf6U1g5G5LY6o5vmNN7Wt2cpA34","forwardUserID":"2jA5r103105HH4g7gW27lD1555eO5Y","value":"5","datetime":"2019-10-08T07:34:05.891Z","pageURL":"","pageName":""},{"customerID":"7FfrGFY6V4Y8VtXUg745mtZ8La277Z","forwardUserID":"ow6al2259oP373Sg8405Soje7J2WH9","value":"5","datetime":"2019-10-08T07:34:05.891Z","pageURL":"","pageName":""},{"customerID":"9r2MV58f3tPr4N26B41y36Q7g2egl1","forwardUserID":"hNd229m6eH2n26ftr9MiQ8hkZZH896","value":"5","datetime":"2019-10-08T07:34:05.891Z","pageURL":"","pageName":""},{"customerID":"y74639W46t2952143n5RC6fNo9494K","forwardUserID":"lK546k4syK8e91w066P94X7F14cN4k","value":"5","datetime":"2019-10-08T07:34:05.891Z","pageURL":"","pageName":""},{"customerID":"C4h77D80muor3Q2Y7w5M12ArBgV1bP","forwardUserID":"I7O95j545z454e1kK2Ukf687Jn59kY","value":"5","datetime":"2019-10-08T07:34:05.891Z","pageURL":"","pageName":""},{"customerID":"o1rQk9vV6D42MV1h4Cac56z3jTrV02","forwardUserID":"IZB4MwGVG0876k282gdc3k3X8837tz","value":"5","datetime":"2019-10-08T07:34:05.891Z","pageURL":"","pageName":""},{"customerID":"MJRU3PAS1iiX5AUsxb78u31lh30mGK","forwardUserID":"df70nga20Nx815qk6lcm6llnC85BYG","value":"5","datetime":"2019-10-08T07:34:05.891Z","pageURL":"","pageName":""},{"customerID":"df70nga20Nx815qk6lcm6llnC85BYG","forwardUserID":"2Y7PSs56y39126ACZ6l6NwaV4aR3Vg","value":"5","datetime":"2019-10-08T07:34:05.891Z","pageURL":"","pageName":""},{"customerID":"7G6A91vL4K39no198150qUWv868685","forwardUserID":"l25BuOk1dzJ5k400hZSWG89n97tw6e","value":"5","datetime":"2019-10-08T07:34:05.891Z","pageURL":"","pageName":""},{"customerID":"g49k5K0tiZO3o21Hp991LyP3CoGCm7","forwardUserID":"6nq54V95g0jtn94c42207Ex7nzhsG5","value":"5","datetime":"2019-10-08T07:34:05.891Z","pageURL":"","pageName":""},{"customerID":"Q73bR6WB2BX25Qt5afyMHM0490qa0v","forwardUserID":"0BE91L9GCk6nW186W396IjYg5U0V32","value":"5","datetime":"2019-10-08T07:34:05.891Z","pageURL":"","pageName":""},{"customerID":"E33YxTKD0a16y98Sb38e84U086307Q","forwardUserID":"R830507f7BE2G70Z42klYw8IJ0288c","value":"5","datetime":"2019-10-08T07:34:05.891Z","pageURL":"","pageName":""},{"customerID":"n8U6c5SIw6G30f9ig6V37S0j05b7d0","forwardUserID":"EG6Nq836Rfry12ST8b4EnfONf22o2v","value":"5","datetime":"2019-10-08T07:34:05.891Z","pageURL":"","pageName":""},{"customerID":"YMQN74usmw5iX7FEc886Q94688ZUT6","forwardUserID":"qoD4x0Sor9Z8l934flo761001wUz0X","value":"5","datetime":"2019-10-08T07:34:05.891Z","pageURL":"","pageName":""},{"customerID":"8231924221cZvr24es3N7i067p332g","forwardUserID":"649l6Dn3M9lk0GYxD3Lb5091V8tY8P","value":"5","datetime":"2019-10-08T07:34:05.891Z","pageURL":"","pageName":""},{"customerID":"rm01ld0f311YmrLaGT99yM606HXbc4","forwardUserID":"805300qk1Av2G7T1b0F565RqTL6984","value":"5","datetime":"2019-10-08T07:34:05.891Z","pageURL":"","pageName":""},{"customerID":"292Na3yq4957J82Uj87I1M6d2o7883","forwardUserID":"hplRw0xEv1064N3EydpvaS9unf84PZ","value":"5","datetime":"2019-10-08T07:34:05.891Z","pageURL":"","pageName":""},{"customerID":"K02n274re87YO0V19338cut07x8PI3","forwardUserID":"MCGLA1eg234KC09hU7rU078ig9X9Y7","value":"5","datetime":"2019-10-08T07:34:05.891Z","pageURL":"","pageName":""},{"customerID":"hNd229m6eH2n26ftr9MiQ8hkZZH896","forwardUserID":"L8u01916DU80NUSJRPiP115P1yD699","value":"5","datetime":"2019-10-08T07:34:05.891Z","pageURL":"","pageName":""},{"customerID":"IZB4MwGVG0876k282gdc3k3X8837tz","forwardUserID":"d27gM70fu142S7BK90w429707E9YUw","value":"5","datetime":"2019-10-08T07:34:05.891Z","pageURL":"","pageName":""},{"customerID":"42hxq503nFv8M7q2A579ydmtl1xE9f","forwardUserID":"F5IM296Wg3cY5D460e43TelNvykKS6","value":"5","datetime":"2019-10-08T07:34:05.891Z","pageURL":"","pageName":""},{"customerID":"F5IM296Wg3cY5D460e43TelNvykKS6","forwardUserID":"oi4k2kYpUG86744856UNLXcAEE5356","value":"5","datetime":"2019-10-08T07:34:05.891Z","pageURL":"","pageName":""},{"customerID":"4406E9h67833h2r1F6UYn4038Fbo4D","forwardUserID":"N5787Uy2QLrGR22d0y8r2rL6cID5Cg","value":"5","datetime":"2019-10-08T07:34:05.891Z","pageURL":"","pageName":""},{"customerID":"x0287855KN11r6g37xM3107GLx41mV","forwardUserID":"7oZ1Y42dn4K03419FH2Ee988cUK667","value":"5","datetime":"2019-10-08T07:34:05.891Z","pageURL":"","pageName":""},{"customerID":"7H2O0548Fm8WY999J94OMTxA249lfA","forwardUserID":"1d9P6kp354to0i0gE7P3388055uy6m","value":"5","datetime":"2019-10-08T07:34:05.891Z","pageURL":"","pageName":""},{"customerID":"J7qu7z6X3xgOo2T33zQ5mtG931i10l","forwardUserID":"f4Zu5O070Aygw63fjf32m8ZoEz960r","value":"5","datetime":"2019-10-08T07:34:05.891Z","pageURL":"","pageName":""},{"customerID":"Q8LV0u25Z5H6034e0l0t9i5R3oS929","forwardUserID":"d27gM70fu142S7BK90w429707E9YUw","value":"5","datetime":"2019-10-08T07:34:05.891Z","pageURL":"","pageName":""},{"customerID":"D299MzF789V1Li2T9Gf59QLZrlZ26d","forwardUserID":"2jA5r103105HH4g7gW27lD1555eO5Y","value":"5","datetime":"2019-10-08T07:34:05.891Z","pageURL":"","pageName":""},{"customerID":"2jA5r103105HH4g7gW27lD1555eO5Y","forwardUserID":"0gFT6LSn0BEI2Rd723T7E6mZ13CAKn","value":"5","datetime":"2019-10-08T07:34:05.891Z","pageURL":"","pageName":""},{"customerID":"2m8m0y4B17b6bL7xmYc270EbvF4K34","forwardUserID":"93X7644z01Oa6mKf766V95H2420qIH","value":"5","datetime":"2019-10-08T07:34:05.891Z","pageURL":"","pageName":""},{"customerID":"m8O7313pe38c4SkRT5krigI6y608CJ","forwardUserID":"iJoC2xKb5U77t01trqWr0788275p9i","value":"5","datetime":"2019-10-08T07:34:05.891Z","pageURL":"","pageName":""},{"customerID":"qoD4x0Sor9Z8l934flo761001wUz0X","forwardUserID":"BmG764fy5709frHd7TkFo040HX46w9","value":"5","datetime":"2019-10-08T07:34:05.891Z","pageURL":"","pageName":""},{"customerID":"L75Dsj43293U545XTX923YVJ4lZ610","forwardUserID":"d27gM70fu142S7BK90w429707E9YUw","value":"5","datetime":"2019-10-08T07:34:05.891Z","pageURL":"","pageName":""},{"customerID":"l25BuOk1dzJ5k400hZSWG89n97tw6e","forwardUserID":"Ydb83zbcK6KWieIB3sH14e9p18OCN8","value":"5","datetime":"2019-10-08T07:34:05.891Z","pageURL":"","pageName":""},{"customerID":"e542H8gx3FI6H285s4dLrc7V9e6l42","forwardUserID":"12M35Eu39959yxz837bD12G69436o9","value":"5","datetime":"2019-10-08T07:34:05.891Z","pageURL":"","pageName":""},{"customerID":"n15V8709kL2md62F7A5zGexg2XVVR7","forwardUserID":"f4Zu5O070Aygw63fjf32m8ZoEz960r","value":"5","datetime":"2019-10-08T07:34:05.891Z","pageURL":"","pageName":""},{"customerID":"4s48nRjh096I0f9Pr22059LFK78864","forwardUserID":"549r477j6i5bRH7Smy238cl7212bTP","value":"5","datetime":"2019-10-08T07:34:05.891Z","pageURL":"","pageName":""}],"H5ID":"XXXX"}