{
    "nodes": [{
            "customerID": "K17nV18rU602ZGks2B9033Ek268mmv",
            "nickName": "鄂智阳",
            "gender": "男",
            "img": "http://marvel-force-chart.surge.sh/marvel_force_chart_img/top_spiderman.png"
        }, {
            "nickName": "殳磊",
            "customerID": "4XF4qJV1x05xZ6R7TP9O77p7Cxo37I",
            "gender": "男",
            "img": "http://marvel-force-chart.surge.sh/marvel_force_chart_img/top_spiderman.png"
        }, {
            "customerID": "1a1c660i186Fe6520T07z0MaTB5383",
            "nickName": "冀昆皓",
            "gender": "男",
            "img": "http://marvel-force-chart.surge.sh/marvel_force_chart_img/drdoom.png"
        }, {
            "customerID": "Z661f1uI90x8x471my2vh7U4Iez7MW",
            "nickName": "汲海昌",
            "gender": "男",
            "img": "http://marvel-force-chart.surge.sh/marvel_force_chart_img/avengers.png"
        }, {
            "nickName": "靳昌淼",
            "customerID": "U1DE9J5047w3HM37ZjkeU271N4L376",
            "gender": "男",
            "img": "http://marvel-force-chart.surge.sh/marvel_force_chart_img/top_spiderman.png"
        },
        {
            "nickName": "勾昆卉",
            "customerID": "8Cci2857ar8YR081bx5XK51wD75nC0",
            "gender": "男",
            "img": "http://marvel-force-chart.surge.sh/marvel_force_chart_img/top_captainmarvel.png"
        },
        {
            "nickName": "满昆鹏",
            "customerID": "78dW7eIL71y9GT424g69F4sev83YF7",
            "gender": "男",
            "img": "http://marvel-force-chart.surge.sh/marvel_force_chart_img/top_hulk.png"
        },
        {
            "nickName": "华鸿晖",
            "customerID": "D8VIT7NvaeAf3U9TPN2354H0iXGZg1",
            "gender": "男",
            "img": "http://marvel-force-chart.surge.sh/marvel_force_chart_img/top_blackwidow.png"
        },
        {
            "nickName": "国旭彬",
            "customerID": "334MkK68J442egfj1fyyIp1wUM75BX",
            "gender": "男",
            "img": "http://marvel-force-chart.surge.sh/marvel_force_chart_img/top_daredevil.png"
        },
        {
            "nickName": "孟昆纶",
            "customerID": "K19z2U7pbj38H0ZBG7a11Nu968C42q",
            "gender": "男",
            "img": "http://marvel-force-chart.surge.sh/marvel_force_chart_img/top_wolverine.png"
        },
        {
            "nickName": "解文景",
            "customerID": "T44Y9NZ9kiXoM713196z9K8S70Xa1P",
            "gender": "男",
            "img": "http://marvel-force-chart.surge.sh/marvel_force_chart_img/top_captainamerica.png"
        },
        {
            "nickName": "皮昌盛",
            "customerID": "Vwp5omL1x1D9z635N159868s7L9994",
            "gender": "男",
            "img": "http://marvel-force-chart.surge.sh/marvel_force_chart_img/top_ironman.png"
        },
        {
            "nickName": "丰震博",
            "customerID": "3O1UPSSwOrC12F5d47qZ8Gos297Fh9",
            "gender": "男",
            "img": "http://marvel-force-chart.surge.sh/marvel_force_chart_img/top_thor.png"
        }, {
            "nickName": "席昌黎",
            "customerID": "CV42RQ0tyBwp53y3a0gy5176n81K4K",
            "gender": "男",
            "img": "http://marvel-force-chart.surge.sh/marvel_force_chart_img/drdoom.png"
        },
        {
            "nickName": "狄新曦",
            "customerID": "18337g8DdlT66aCI95yTQDfu3920Mv",
            "gender": "男",
            "img": "http://marvel-force-chart.surge.sh/marvel_force_chart_img/mystique.png"
        },
        {
            "nickName": "麻智伟",
            "customerID": "Fqb42C30Yg4A812Tf2OItTMvy06535",
            "gender": "男",
            "img": "http://marvel-force-chart.surge.sh/marvel_force_chart_img/redskull.png"
        },
        {
            "nickName": "双鸿波",
            "customerID": "E7Q53YT7eSV8U7H5ez367TH6wI2d32",
            "gender": "男",
            "img": "http://marvel-force-chart.surge.sh/marvel_force_chart_img/ronan.png"
        },
        {
            "nickName": "夹谷德昌",
            "customerID": "f344IRii7LA53C14mHJXK79d11ut01",
            "gender": "男",
            "img": "http://marvel-force-chart.surge.sh/marvel_force_chart_img/magneto.png"
        },
        {
            "nickName": "宰父智阳",
            "customerID": "oiLIo753M1M44788wX76Z46Xn1k31g",
            "gender": "男",
            "img": "http://marvel-force-chart.surge.sh/marvel_force_chart_img/thanos.png"
        },
        {
            "nickName": "糜景浩",
            "customerID": "31RX3xXv676LFh5Y2WP20z4jRh0ZjM",
            "gender": "男",
            "img": "http://marvel-force-chart.surge.sh/marvel_force_chart_img/blackcat.png"
        },
        {
            "nickName": "石磊",
            "customerID": "E5rLu6680eYdz1x716R8x8kg3Vo963",
            "gender": "男",
            "img": "http://marvel-force-chart.surge.sh/marvel_force_chart_img/avengers.png"
        },
        {
            "nickName": "齐晋鹏",
            "customerID": "07DR40F47079vM8Dp3T41Pnhe000S8",
            "gender": "男",
            "img": "http://marvel-force-chart.surge.sh/marvel_force_chart_img/gofgalaxy.png"
        },
        {
            "nickName": "鱼鸿宝",
            "customerID": "X3gLs0YbjksF9X73b50DlOI763wja3",
            "gender": "男",
            "img": "http://marvel-force-chart.surge.sh/marvel_force_chart_img/defenders.png"
        },
        {
            "nickName": "欧阳昌黎",
            "customerID": "Nm068rX1NrIZ4V775uX0593610gNpp",
            "gender": "男",
            "img": "http://marvel-force-chart.surge.sh/marvel_force_chart_img/xmen.png"
        },
        {
            "nickName": "巴星腾",
            "customerID": "29dwH1Bc853T0L2XeFWK522M8y2f26",
            "gender": "男",
            "img": "http://marvel-force-chart.surge.sh/marvel_force_chart_img/fantasticfour.png"
        },
        {
            "nickName": "丰曜灿",
            "customerID": "Oo14392Z854062r9XBm5Ba44YVA6ch",
            "gender": "男",
            "img": "http://marvel-force-chart.surge.sh/marvel_force_chart_img/inhumans.png"
        }
    ],
    "links": [{
            "source": "K17nV18rU602ZGks2B9033Ek268mmv",
            "target": "4XF4qJV1x05xZ6R7TP9O77p7Cxo37I",
            "value": 1000
        },
        {
            "source": "K17nV18rU602ZGks2B9033Ek268mmv",
            "target": "1a1c660i186Fe6520T07z0MaTB5383",
            "value": 1000
        },
        {
            "source": "K17nV18rU602ZGks2B9033Ek268mmv",
            "target": "Z661f1uI90x8x471my2vh7U4Iez7MW",
            "value": 1000
        },
        {
            "source": "4XF4qJV1x05xZ6R7TP9O77p7Cxo37I",
            "target": "8Cci2857ar8YR081bx5XK51wD75nC0",
            "value": 1000
        },
        {
            "source": "4XF4qJV1x05xZ6R7TP9O77p7Cxo37I",
            "target": "T44Y9NZ9kiXoM713196z9K8S70Xa1P",
            "value": 1000
        },
        {
            "source": "4XF4qJV1x05xZ6R7TP9O77p7Cxo37I",
            "target": "D8VIT7NvaeAf3U9TPN2354H0iXGZg1",
            "value": 1000
        },
        {
            "source": "4XF4qJV1x05xZ6R7TP9O77p7Cxo37I",
            "target": "3O1UPSSwOrC12F5d47qZ8Gos297Fh9",
            "value": 1000
        },
        {
            "source": "4XF4qJV1x05xZ6R7TP9O77p7Cxo37I",
            "target": "U1DE9J5047w3HM37ZjkeU271N4L376",
            "value": 1000
        },
        {
            "source": "4XF4qJV1x05xZ6R7TP9O77p7Cxo37I",
            "target": "K19z2U7pbj38H0ZBG7a11Nu968C42q",
            "value": 1000
        },
        {
            "source": "4XF4qJV1x05xZ6R7TP9O77p7Cxo37I",
            "target": "78dW7eIL71y9GT424g69F4sev83YF7",
            "value": 1000
        },
        {
            "source": "4XF4qJV1x05xZ6R7TP9O77p7Cxo37I",
            "target": "Vwp5omL1x1D9z635N159868s7L9994",
            "value": 1000
        },
        {
            "source": "4XF4qJV1x05xZ6R7TP9O77p7Cxo37I",
            "target": "Vwp5omL1x1D9z635N159868s7L9994",
            "value": 1000
        },
        {
            "source": "1a1c660i186Fe6520T07z0MaTB5383",
            "target": "334MkK68J442egfj1fyyIp1wUM75BX",
            "value": 1000
        },
        {
            "source": "1a1c660i186Fe6520T07z0MaTB5383",
            "target": "31RX3xXv676LFh5Y2WP20z4jRh0ZjM",
            "value": 1000
        },
        {
            "source": "1a1c660i186Fe6520T07z0MaTB5383",
            "target": "f344IRii7LA53C14mHJXK79d11ut01",
            "value": 1000
        },
        {
            "source": "1a1c660i186Fe6520T07z0MaTB5383",
            "target": "Fqb42C30Yg4A812Tf2OItTMvy06535",
            "value": 1000
        },
        {
            "source": "1a1c660i186Fe6520T07z0MaTB5383",
            "target": "oiLIo753M1M44788wX76Z46Xn1k31g",
            "value": 1000
        },
        {
            "source": "1a1c660i186Fe6520T07z0MaTB5383",
            "target": "CV42RQ0tyBwp53y3a0gy5176n81K4K",
            "value": 1000
        },
        {
            "source": "1a1c660i186Fe6520T07z0MaTB5383",
            "target": "E7Q53YT7eSV8U7H5ez367TH6wI2d32",
            "value": 1000
        },
        {
            "source": "Z661f1uI90x8x471my2vh7U4Iez7MW",
            "target": "E5rLu6680eYdz1x716R8x8kg3Vo963",
            "value": 1000
        },
        {
            "source": "Z661f1uI90x8x471my2vh7U4Iez7MW",
            "target": "Nm068rX1NrIZ4V775uX0593610gNpp",
            "value": 1000
        },
        {
            "source": "Z661f1uI90x8x471my2vh7U4Iez7MW",
            "target": "07DR40F47079vM8Dp3T41Pnhe000S8",
            "value": 1000
        },
        {
            "source": "Z661f1uI90x8x471my2vh7U4Iez7MW",
            "target": "X3gLs0YbjksF9X73b50DlOI763wja3",
            "value": 1000
        },
        {
            "source": "Z661f1uI90x8x471my2vh7U4Iez7MW",
            "target": "X3gLs0YbjksF9X73b50DlOI763wja3",
            "value": 1000
        },
        {
            "source": "Z661f1uI90x8x471my2vh7U4Iez7MW",
            "target": "Oo14392Z854062r9XBm5Ba44YVA6ch",
            "value": 1000
        }
    ]
}